name, email, phone number, apartment address, date, time
bfmhxtkg,trhw@velzm.com,+37063775826,"ivipe Street 12-402",2022-01-19,17:00
syryjk,ttkfnw@rmrgt.com,+37062277330,"shptfyzaaw Street 63-370",2022-01-09,12:00
kctvtppa,huitaxno@rhrc.com,+37061691631,"pfjrfd Street 25-863",2022-01-14,18:00
cwucld,pnjh@lzj.com,+37062616668,"gbebuv Street 19-587",2022-01-07,16:00
ugrwa,yhhqes@pjhus.com,+37065300414,"nfeep Street 34-515",2022-01-15,14:00
vyictjsco,rpqahio@ypenp.com,+37064001131,"bcylxzfsus Street 06-909",2022-01-26,11:00
wmzhpslbc,moijsgaf@zrsws.com,+37065983407,"bnfeirrp Street 33-087",2022-01-04,15:00
ezcnps,lggsztq@rtqqk.com,+37067515765,"djnbwprflu Street 84-610",2022-01-22,22:00
dqzsxgcej,xeosaxxtz@iueg.com,+37060071344,"wzkggmp Street 83-821",2022-01-18,21:00
ikdlhnpiz,epjwnm@aohx.com,+37063152246,"bsojtf Street 36-027",2022-01-11,9:00
brsgafdq,biddcue@hhncz.com,+37061083440,"bhyechhmgn Street 68-593",2022-01-27,15:00
ffrcildxq,heyx@itcc.com,+37063469442,"bdxaltb Street 91-879",2022-01-11,11:00
ckoppcul,gwllhf@ovby.com,+37065818219,"gvhkyjqojw Street 53-166",2022-01-05,10:00
rnjgghheq,kutp@cglbt.com,+37064919876,"lpburl Street 21-315",2022-01-25,14:00
zlhx,avzmunka@fzjbg.com,+37069267624,"xndjhm Street 37-629",2022-01-01,8:00
iqrldowo,tevr@rkjq.com,+37063491640,"vsfxmqt Street 21-333",2022-01-05,10:00
omfuusssjw,jfdupeturt@yrduta.com,+37064248000,"brswg Street 98-781",2022-01-24,15:00
gkcnx,reqkh@qgiajb.com,+37066881428,"yqdt Street 33-041",2022-01-07,11:00
cdpljjv,rrjhbj@ghiysg.com,+37066022370,"azdlvhgtrn Street 03-120",2022-01-05,22:00
xjfz,egtoirzv@zdd.com,+37065090122,"keotv Street 28-871",2022-01-28,13:00
ziacyvmk,xulgew@wkbyhs.com,+37060684060,"ckojhxhoys Street 95-291",2022-01-09,14:00
npfrjtpkcw,zdfmagui@ulp.com,+37065127742,"acbznohq Street 43-976",2022-01-23,16:00
cbknlihfz,ixoigg@flee.com,+37066329002,"osan Street 67-949",2022-01-26,17:00
slobmajfmt,mbvls@vntotl.com,+37060237465,"snwdc Street 32-237",2022-01-22,22:00
jeet,oibq@kmf.com,+37063577055,"nhus Street 65-548",2022-01-20,16:00
odwwmthx,kzbpbn@ogzo.com,+37068772816,"pkrriglw Street 04-660",2022-01-15,21:00
etrdxolkhm,wrlnpl@ruybup.com,+37065674519,"tfhor Street 76-062",2022-01-20,8:00
fwswoldayb,acfmng@mgq.com,+37061048400,"ybwazd Street 82-434",2022-01-17,18:00
btyqwct,nbneo@szxt.com,+37069263109,"suyqsus Street 66-028",2022-01-22,19:00
stifodz,zghqzo@srr.com,+37061583157,"tbilet Street 81-207",2022-01-11,22:00
emluznlxs,fqjhzmbd@gjhqw.com,+37065886338,"sduir Street 11-384",2022-01-19,13:00
bteczhkwgt,ggpm@vczdnh.com,+37069665777,"maupdmyx Street 07-520",2022-01-06,7:00
vbgpqpqf,ntjmq@rqeczy.com,+37068368478,"jykobtmer Street 92-945",2022-01-14,8:00
xmjxaj,hmrkgqs@zyltig.com,+37061010655,"foyqwynww Street 92-251",2022-01-19,8:00
nsidwtnc,xnemhqzs@hgrvoy.com,+37063929400,"ffehlt Street 16-682",2022-01-09,19:00
pbcbcmq,bztnbk@oal.com,+37066776231,"eenvjvym Street 16-237",2022-01-11,14:00
crmxwtpngi,ruuzhfxzb@dxwkd.com,+37063020928,"zkhgzmt Street 22-837",2022-01-06,18:00
uceie,ugyh@lcvj.com,+37062086634,"hixmrsnhv Street 22-431",2022-01-10,18:00
rorynygo,ziag@wasfia.com,+37065017889,"yjkc Street 96-601",2022-01-09,12:00
tbjsvv,hbztg@yjo.com,+37063446565,"wpchkan Street 29-634",2022-01-19,13:00
bpzighepu,alcgkc@ilic.com,+37065137866,"jftuischf Street 79-295",2022-01-10,14:00
qlqhwusaca,dlgemjzh@umjk.com,+37063714317,"gzbb Street 32-911",2022-01-06,22:00
nlnyexzqch,ogxnn@gzsj.com,+37062873694,"jqyqdb Street 80-196",2022-01-25,13:00
kwym,utvjfxqxum@hostxl.com,+37065932240,"gzbh Street 13-217",2022-01-05,19:00
dwpvcnzbz,wfyozmla@gawvv.com,+37067650425,"wrzdzbmd Street 63-786",2022-01-27,19:00
atnd,hgxg@mgq.com,+37063992930,"pehgl Street 78-408",2022-01-29,19:00
pmjvu,nznag@tlfl.com,+37061803114,"cxrxpq Street 26-029",2022-01-14,7:00
keyvxczg,qyfhe@ccaj.com,+37063299566,"zkujbqqr Street 58-013",2022-01-03,9:00
jvpjomw,tdubtlskz@zeuh.com,+37068559311,"pwkw Street 08-631",2022-01-13,16:00
ldjymudbf,lsukgawjyt@ulgp.com,+37062950634,"fkkcokxift Street 64-877",2022-01-06,14:00
