pkvj,tnanmox@xbbhil.com,+37060815483,"cqqhrxg Street 51-083",2022-05-05,16:00
oexk,uujn@cizvu.com,+37069202038,"coeodlsbyz Street 53-631",2022-01-02,22:00
fewszktyl,pxyeyn@gin.com,+37063671728,"zxffx Street 17-397",2022-03-11,21:00
chtnakeph,ysiivch@kveruk.com,+37066099455,"ojzyylbhtj Street 84-538",2022-02-23,6:00
tliqtunbsc,qhgtto@skwxzd.com,+37066348233,"zserzkp Street 39-416",2022-04-27,6:00
kksyd,akdrtzue@qfn.com,+37069653740,"sjxcokx Street 88-966",2022-03-16,10:00
shltuu,hfogjqcaeu@jofero.com,+37063563340,"qcaevdq Street 49-437",2022-04-13,11:00
jtrnmjfavq,bpbpntoj@lri.com,+37066734409,"eajmrgc Street 96-889",2022-02-05,3:00
droqdslk,rxqtc@nhado.com,+37069421322,"wyciussco Street 39-918",2022-01-02,5:00
wmlzilqx,xazwymbdcw@gjyt.com,+37064547648,"rodsq Street 98-537",2022-01-07,1:00
ltwxuznlf,mkhrfff@asmtrk.com,+37062311228,"jwkceaz Street 79-067",2022-03-02,2:00
tpntbw,jwhnjemk@mrn.com,+37069503304,"kwisioblty Street 17-341",2022-01-28,4:00
vqql,ewvpv@nhv.com,+37069521396,"ufea Street 27-081",2022-05-07,9:00
ncapr,mnjyljsq@dyf.com,+37060789316,"qvyy Street 46-978",2022-02-05,18:00
jgvblobwmu,bztmkovivk@iyxp.com,+37069245669,"omemeea Street 62-802",2022-03-26,5:00
bnzc,sbzi@iph.com,+37061543146,"npmhdsogx Street 20-240",2022-03-07,9:00
xzgiwwh,tpelbftflv@ffsst.com,+37069534070,"gwhnt Street 71-653",2022-01-19,10:00
dprnhymxkj,fomg@vlvtpn.com,+37068197056,"frfzprvgjd Street 87-821",2022-04-09,7:00
hmocpizhse,eshung@bkoaa.com,+37065836728,"telcmw Street 08-005",2022-05-13,1:00
cdngwnaoe,farhv@lrwfne.com,+37066474488,"akpehqlhj Street 38-308",2022-01-28,0:00
rvwt,lpamry@ckm.com,+37069672355,"yfvjbel Street 33-633",2022-03-10,15:00
mfhoh,fgqmaogvm@ffhg.com,+37060352317,"ldvncnpq Street 32-595",2022-04-20,5:00
zpkuqcx,rfgkemivqf@sqhe.com,+37062746694,"rucqcpyqd Street 84-857",2022-04-27,16:00
ytobbesi,pugpr@qwx.com,+37062051795,"mmerke Street 00-964",2022-01-11,19:00
dbaabyvas,grhmqrgyp@ywfnv.com,+37063777808,"gavw Street 70-880",2022-05-06,17:00
fbvvcuvdp,hngjvyx@jttaa.com,+37064583226,"jnpew Street 81-559",2022-03-24,9:00
besqstbr,ceaxdi@blyrv.com,+37069384660,"tvmzgec Street 44-179",2022-01-07,2:00
utyhvavcsm,tpauuynaoo@mhu.com,+37068538704,"ycvm Street 66-416",2022-03-27,5:00
xqst,bbmwmlj@anij.com,+37065272683,"zpyqrnsvt Street 68-668",2022-04-06,14:00
mtsgooir,pkuszxnyoh@dos.com,+37061953603,"gyycyw Street 36-275",2022-01-29,0:00
chnxejqmpe,tavons@yukti.com,+37063512197,"slnd Street 37-420",2022-02-28,12:00
wysuuk,ybaqpr@njkwvy.com,+37069906469,"yrucwevip Street 44-115",2022-02-12,18:00
wwfecix,rhiixpiz@ycnbfx.com,+37063456140,"xaxfti Street 92-369",2022-04-22,22:00
orsrwnzfam,rojjeurgdc@tdhx.com,+37062312150,"jtskbmu Street 89-165",2022-03-25,0:00
jholrszm,abcmsub@ygqpjy.com,+37064913437,"pihyrkxgc Street 05-142",2022-01-04,15:00
aabvrlx,lrajknj@zmwj.com,+37069173244,"lgqufqfpyi Street 27-309",2022-01-23,14:00
hiojbg,ggpzy@joo.com,+37064082057,"xedunuhcj Street 35-392",2022-04-11,18:00
qncdeoxlb,eghf@ekh.com,+37060960198,"ryypb Street 87-354",2022-04-24,19:00
hnpaaiwm,gjlnqonuep@fmg.com,+37068236870,"sdlkmw Street 81-302",2022-05-05,8:00
jramjojg,hpfn@jkhg.com,+37064900719,"gjmhratb Street 95-764",2022-05-13,14:00
wdbdjomtwo,huctscuaxw@ddmn.com,+37060018193,"nhloaxb Street 05-718",2022-01-19,2:00
fhkrc,glwccgctog@cydve.com,+37068046065,"fuyuhjiacp Street 56-002",2022-03-04,21:00
pzpct,fdyqt@bvgiod.com,+37066873818,"hcvtd Street 45-197",2022-01-11,21:00
ofveupk,bmnblbnrpd@kkr.com,+37069483405,"sptk Street 44-455",2022-04-27,8:00
dblvvhuuh,eimcexjf@ifk.com,+37065854530,"zhpvzc Street 27-209",2022-04-23,15:00
lnwpuxmavq,svhp@swef.com,+37062787997,"ggvu Street 29-227",2022-03-16,13:00
yagxjsqm,vqzoz@khzqrc.com,+37069505316,"ltqijlszdm Street 49-669",2022-03-02,16:00
vxvcpp,ilwpsy@npwop.com,+37065636879,"zzwq Street 72-689",2022-03-17,3:00
fhcqcey,kqmflscyah@vyy.com,+37060925925,"xuhigbc Street 69-419",2022-04-30,6:00
aflmjtaf,njhqgky@uuyu.com,+37065190487,"sslza Street 20-538",2022-03-14,5:00
zxfdeqqyu,guvraf@cpltf.com,+37067062775,"uzbze Street 78-801",2022-03-24,6:00
jpls,gwzats@ivpoqh.com,+37063725251,"zzigsdkyu Street 21-339",2022-02-07,8:00
crrxea,ixli@gjr.com,+37064229345,"xpxtslzrd Street 56-739",2022-03-08,7:00
fnbmbsx,gftn@aqomfs.com,+37060884783,"pljfdd Street 94-792",2022-02-06,14:00
opfqhwfmkn,mayhmwubl@uyh.com,+37061348974,"xayp Street 73-280",2022-02-01,8:00
zyewgmsohl,iachparvh@qzxrcf.com,+37063457992,"kbwjencj Street 97-459",2022-01-04,1:00
ntnde,cwykpnyjo@vmnx.com,+37061069778,"gpgb Street 35-582",2022-01-18,22:00
chql,ptwxdm@fdhma.com,+37061458998,"fuvzmcbpn Street 28-144",2022-02-24,19:00
ntnhaexjz,zgtgzfrb@fetxap.com,+37068253397,"nftqcjayf Street 62-434",2022-04-19,2:00
kkbix,jzdqxidhxm@kitn.com,+37069043572,"cgtfuc Street 23-108",2022-03-19,11:00
koofjmse,chdrcknu@tujy.com,+37067698813,"ybsjjp Street 41-941",2022-04-14,18:00
wxwrictqr,ddlfvho@khpvz.com,+37064031708,"ufjxzla Street 01-896",2022-01-14,16:00
cyedfix,xywqatq@hsceps.com,+37066905680,"gkpixdagqz Street 29-373",2022-02-02,4:00
wcwmq,rzlqbiyalq@vsd.com,+37064349957,"lsbmpmo Street 28-310",2022-02-15,11:00
xbfmwlal,txckshio@lnmsts.com,+37063238818,"guwqz Street 44-930",2022-03-29,22:00
duynmhsre,xowuzvrybp@sys.com,+37060234661,"suckhusuh Street 23-419",2022-03-13,6:00
ubjc,tgxpnexulk@hbm.com,+37066848622,"pgprcl Street 13-712",2022-04-08,18:00
nobjuex,gisq@xoyf.com,+37065378629,"uzsby Street 52-280",2022-03-02,0:00
nqxj,xugplqzjwi@xeh.com,+37065880470,"akwnbhje Street 84-649",2022-03-01,9:00
edrc,ocmatnrhx@kya.com,+37063324766,"kbtq Street 39-654",2022-01-31,12:00
lsrwehoh,fzqhigen@sytyia.com,+37063298984,"ilasdsgf Street 92-965",2022-02-25,5:00
ihvfovd,bxigmmnin@kjxqt.com,+37067456270,"fzqaiem Street 60-416",2022-03-27,14:00
uvbrtzffng,vkwuhls@jlo.com,+37063152161,"cmjavhzlis Street 26-760",2022-03-10,8:00
iixh,ncgkbkxhyg@txlntf.com,+37069656734,"vtmhl Street 88-200",2022-03-04,8:00
tbrubdpbv,lgpkh@azjdv.com,+37062230116,"vitodjqqy Street 69-233",2022-04-13,14:00
ntek,pqfnquclml@ajqpy.com,+37065538539,"iuqtfedb Street 03-556",2022-01-06,8:00
htpmavoc,dvcwc@itrs.com,+37067721131,"hjfhii Street 37-057",2022-04-17,3:00
mbcuqll,mamj@yhg.com,+37061071543,"mvaphucrmn Street 20-233",2022-01-07,21:00
lshupkigr,qlmgiimx@gomg.com,+37067202745,"jgveqzk Street 10-358",2022-01-27,3:00
jtnnotqkta,txdazm@egqq.com,+37065321232,"mqgtwypp Street 56-054",2022-01-03,19:00
folj,yqdf@lbrwbr.com,+37068605546,"ghamrmaago Street 51-391",2022-03-04,19:00
fwxvumdw,inzyvsb@zghub.com,+37068429064,"crmspkmme Street 15-193",2022-04-24,11:00
qnxcnwm,vwhnco@zxeinn.com,+37067277017,"vljtbrahh Street 90-968",2022-05-07,9:00
uhotorbl,lzatl@juwku.com,+37065192825,"wbaiwp Street 31-166",2022-01-31,6:00
hfmmxpow,muelpchgr@mlksug.com,+37066321511,"hmxnky Street 78-938",2022-01-04,15:00
cbqvjbcof,xrjodqueu@jho.com,+37069686623,"aucpokgho Street 40-611",2022-04-19,12:00
vfvwecs,bpdvibcn@ayi.com,+37066160940,"caetcan Street 96-947",2022-04-18,17:00
sinyivpl,ffdswl@zdvuym.com,+37065200217,"damol Street 60-194",2022-01-25,1:00
hyktol,jqcnbd@onz.com,+37067489484,"iejnuydgu Street 60-688",2022-02-18,15:00
ztuixe,dwvmwq@ukz.com,+37061198495,"uiqpmm Street 13-720",2022-03-30,17:00
wzftbqagt,jwumx@ngceg.com,+37063867638,"agacg Street 93-777",2022-02-20,3:00
qtccvkfc,nuzz@ljergg.com,+37066816972,"tfiljrhg Street 78-083",2022-01-23,18:00
stbafk,rkte@kcsdl.com,+37064058815,"cfwwpwvh Street 36-207",2022-02-26,9:00
nictcx,yknwqnj@ikluk.com,+37065204878,"nnlol Street 81-437",2022-02-28,8:00
nyusewoe,nbhycpacy@gfr.com,+37069241482,"zyidv Street 28-695",2022-02-02,11:00
facoyn,qeurojywa@rxks.com,+37066453691,"srfsheva Street 12-605",2022-02-21,20:00
ockedcqt,tyutzwyzvi@tnius.com,+37060722698,"wxdahkkerl Street 30-399",2022-04-04,20:00
pbrqgbup,hjgigslpaf@jhj.com,+37067212892,"jjyvrajknv Street 99-916",2022-01-07,0:00
dabkfry,qcnn@pdjjf.com,+37062594815,"zshr Street 20-240",2022-03-31,3:00
dvaaus,nwyjidf@egnec.com,+37065669193,"zfwhdw Street 25-909",2022-05-08,12:00
dwpksmwc,xgucyfut@qwms.com,+37068023205,"pzfor Street 64-819",2022-01-10,17:00
kktzhd,kzeandoods@cywqp.com,+37064575943,"lffom Street 27-973",2022-02-21,11:00
lzyv,undbokb@cthu.com,+37066910414,"goyalgdp Street 71-146",2022-02-24,15:00
mxmq,mgbghrhdu@xyijja.com,+37061187188,"fuhrcuot Street 42-826",2022-04-27,2:00
wggt,hcezmi@gzsbki.com,+37067108086,"xyqffjzats Street 16-682",2022-02-14,7:00
ukatwsdp,bjpl@vlwo.com,+37067264768,"fiyzn Street 49-445",2022-01-22,12:00
orgmgkinys,lkuwk@toh.com,+37067276174,"qajq Street 39-860",2022-01-20,7:00
whhi,fiui@ybvfc.com,+37062736047,"vepl Street 41-636",2022-03-07,6:00
scbwv,qkbia@mihk.com,+37069509304,"aheporgzy Street 47-700",2022-01-15,21:00
pkulzjoez,ettljyuslg@vjxpv.com,+37068554016,"kcychykj Street 66-148",2022-01-26,10:00
ptkofdj,tsxpp@lpali.com,+37069884226,"xbdmham Street 74-592",2022-02-25,8:00
mowl,hakg@nquaa.com,+37061063645,"nmgi Street 97-904",2022-04-18,7:00
jatoqln,jwvobi@fcptwy.com,+37064005757,"nwcoigrz Street 31-100",2022-04-27,9:00
cawhsxqyq,edbioih@irqhp.com,+37063952284,"egjwmxbs Street 75-967",2022-02-26,14:00
rynpkfzuji,ahzgtugyy@tvevyz.com,+37065098861,"zpkaov Street 08-486",2022-04-08,18:00
nmarbxumqw,xomhrqp@tagj.com,+37062611990,"ousl Street 97-412",2022-02-26,4:00
nijkrei,wbxoxki@mnqdg.com,+37065552721,"psknv Street 64-494",2022-02-20,10:00
nefcuxeejb,wsnobrnz@eolorh.com,+37062353817,"yasj Street 07-434",2022-04-25,21:00
ydrahutgla,eczbnsrh@cubi.com,+37067285612,"uihlmmr Street 63-386",2022-03-12,7:00
gdngoh,vasjeaeyxr@tlk.com,+37065051031,"ydpygr Street 28-768",2022-04-09,22:00
nljq,gfjekyudv@aekpcc.com,+37064747157,"bqcxo Street 15-434",2022-04-05,0:00
bhethzqai,waxggli@ytxc.com,+37067094161,"nkhx Street 05-599",2022-01-17,13:00
lblo,tdphkz@mpe.com,+37069559230,"ttstkplkk Street 30-811",2022-03-30,12:00
xmxvhsrf,lahoynfmu@hagqbq.com,+37067821072,"cwji Street 46-625",2022-04-14,11:00
uekbkhz,nxdiiu@nbaor.com,+37064249128,"jnnqwwtp Street 59-407",2022-04-14,17:00
mkuqpb,njzhanmr@cdwu.com,+37061047062,"rioofc Street 95-254",2022-01-29,8:00
yotelpirps,ffvvftbj@tikekk.com,+37067780782,"qjticyryc Street 70-213",2022-02-28,22:00
vagvja,wanlh@lrrkp.com,+37065366933,"mvipnsaixq Street 26-267",2022-01-15,11:00
zfyvjxoz,euvebxo@oiysga.com,+37060592798,"yiibvyijp Street 17-385",2022-04-19,13:00
nomh,clag@xhwdac.com,+37060976459,"mcmezf Street 30-981",2022-03-10,14:00
wfsnbf,xqteqy@kuh.com,+37064929831,"mtnzhcp Street 10-264",2022-02-15,7:00
iparwymzw,fjprzdcbds@zio.com,+37065716184,"gqscgsbq Street 51-649",2022-03-24,3:00
xtesntsm,evrnwdr@bjl.com,+37067183285,"ampgdom Street 29-614",2022-05-01,12:00
kyizl,kgro@tktmw.com,+37068186535,"iqgsoi Street 75-067",2022-04-13,4:00
jbcishsou,paekldkbnv@asjg.com,+37063529221,"prvfwe Street 11-406",2022-05-11,2:00
hyikjjy,kfsvtxm@owadw.com,+37064754544,"gfylc Street 89-625",2022-03-30,9:00
smtkzffyvi,vwxfrgb@qxrm.com,+37063944129,"pxainmgisq Street 06-491",2022-04-26,4:00
nmkhmr,ouxaygdrw@ublu.com,+37064512969,"gdflqgqtyc Street 43-503",2022-01-23,6:00
fcawod,hfupru@lktu.com,+37065231234,"rnyilg Street 13-803",2022-03-22,16:00
qcxvyhzksc,scfmwmdueo@pkm.com,+37061192464,"kimehrilss Street 65-762",2022-04-27,0:00
ekanyljj,rxpace@briebl.com,+37069663633,"cpogpnmfyb Street 40-867",2022-03-31,0:00
jesspxzh,svvewtf@bfnmj.com,+37061193467,"cfzi Street 37-277",2022-04-05,22:00
rsuucvcr,cjmpip@zbuxlw.com,+37060944641,"tjjvcan Street 37-328",2022-05-14,16:00
jeawj,oolaor@hbcsh.com,+37068837975,"fxrmolqevp Street 40-831",2022-01-21,19:00
bmkkgrooyg,ybknlvu@dsesl.com,+37064509013,"euxwgjia Street 93-290",2022-05-02,8:00
bmmjsgx,ggusp@yoq.com,+37068946252,"lwrzbl Street 60-111",2022-02-07,21:00
hmliyczvnm,xekgyz@awev.com,+37063518618,"jnmm Street 57-278",2022-01-17,3:00
mjjdcvmt,obmfofjx@ukpij.com,+37063423672,"qubcfywv Street 78-204",2022-05-13,10:00
edvzaxspzd,nbiovx@yspdqw.com,+37062065102,"aastbewp Street 44-379",2022-02-23,8:00
nkvryltxz,cuakhfipol@vqwh.com,+37061842132,"rkxhbbzs Street 85-780",2022-04-09,20:00
khon,jilfep@repssa.com,+37069358558,"gsynmc Street 27-345",2022-04-14,15:00
xdakouvi,xihrqaikw@dtww.com,+37067033870,"knsmvzue Street 87-533",2022-02-14,0:00
ptjgx,mfdcitmgnq@kdmsw.com,+37069670954,"qkwqv Street 38-054",2022-01-14,3:00
qenwanqci,rmhflgk@ghltr.com,+37062128523,"idwtxkms Street 96-429",2022-04-12,17:00
dzdki,qacds@zyju.com,+37066682908,"wlvlhoseek Street 40-817",2022-04-30,9:00
xhwv,fytcbx@cjzux.com,+37063790372,"efltahrqwj Street 54-106",2022-05-12,21:00
mmxblbarh,arnpprjt@sdxpk.com,+37065431249,"zufe Street 29-086",2022-04-04,11:00
fopctp,hctouwlur@covv.com,+37061011910,"wrlxabyge Street 55-549",2022-01-05,1:00
cnfto,wudchpqkcd@asfi.com,+37068326217,"vmbkl Street 27-690",2022-03-20,0:00
mntdppkdl,efgnohmx@mwfjfd.com,+37060540363,"bvpmpxfvkm Street 42-250",2022-03-05,22:00
hasgdpeii,abvo@wenxek.com,+37066075871,"xpqlmdxt Street 36-648",2022-02-24,9:00
shxnx,tqahu@xlwyc.com,+37063893198,"fnkcs Street 27-311",2022-05-06,7:00
hgljpikflh,zcxebk@bcthx.com,+37065255961,"dgib Street 03-000",2022-02-23,3:00
lfalmumku,fjxi@mrl.com,+37064021290,"jhlmndzt Street 04-452",2022-01-20,22:00
vqginiebbc,mrxvubf@vqji.com,+37069035501,"aaiovip Street 37-587",2022-01-25,16:00
lemlo,ucdgd@ohzajx.com,+37061032679,"mipmx Street 93-777",2022-04-20,3:00
ahblawrme,erroqi@nqjvx.com,+37064234120,"iqerfvodvk Street 34-472",2022-02-05,3:00
psmgar,wabxz@jcfqw.com,+37062842320,"pobrhsy Street 57-967",2022-01-10,9:00
uzzhrq,fxcclvwa@jgyjek.com,+37060939090,"fnauzmxqlc Street 74-254",2022-05-08,15:00
qkyqez,tlbvmlv@bwfw.com,+37069632586,"lfiy Street 39-397",2022-03-19,16:00
pywydh,dhpwjmfma@cpox.com,+37066500882,"aahijfytml Street 49-711",2022-02-19,16:00
tiekynj,vekwbfzsqw@bewubh.com,+37061579811,"rydlogcpnb Street 81-844",2022-04-06,20:00
vmwxmwfir,vgdce@phgl.com,+37069904623,"bedmenmcof Street 44-174",2022-01-22,2:00
qjmcujargt,etsmidp@jpbdtn.com,+37061233520,"bvms Street 15-716",2022-04-02,10:00
jyjbdjocc,lmbsrdbdc@ger.com,+37060875073,"zcje Street 15-637",2022-01-14,12:00
ajaq,cxtaivqs@eprg.com,+37068192459,"edceb Street 90-740",2022-02-15,11:00
exln,egovdnfr@hgwl.com,+37065771044,"qsqzj Street 27-711",2022-03-24,11:00
vbvke,svbfkn@btpfmx.com,+37067949905,"qhnjdhx Street 85-217",2022-04-02,5:00
yuttfrtdc,tosbselrkg@lbl.com,+37062852331,"ziywex Street 99-510",2022-04-18,20:00
gndqyva,mjry@wfzjuh.com,+37061012529,"ufcdmteu Street 31-485",2022-01-23,2:00
snhgqels,mxhxwotxv@mfsaym.com,+37060798110,"ojsckytiv Street 87-977",2022-01-03,20:00
igjwft,aeaca@xqg.com,+37062609518,"bedo Street 14-925",2022-05-07,18:00
bgqiiv,sqez@blhjqz.com,+37062142282,"rdhrhbpygt Street 16-404",2022-01-19,12:00
ircitpynea,qigqv@cjy.com,+37066397531,"ggwoogene Street 36-847",2022-01-04,17:00
guwie,rwav@xqb.com,+37068012947,"qllnd Street 15-240",2022-01-24,15:00
ubdluzzi,bqccw@yllg.com,+37068822045,"mjigi Street 25-377",2022-04-25,1:00
pbqsbm,alzxvg@qni.com,+37062015024,"qzeztvrb Street 95-806",2022-01-19,18:00
zlob,zndft@tzzhr.com,+37068841451,"mgwesolpi Street 99-463",2022-02-04,6:00
wpyq,ijrffci@tcz.com,+37069896688,"ghxopcx Street 94-365",2022-05-05,6:00
crormkowp,epdnxapux@wkb.com,+37061908941,"wvwvko Street 93-029",2022-02-13,13:00
hacpomhmkr,gzedqyawqk@xuk.com,+37067833934,"sfjjvd Street 02-822",2022-01-10,6:00
jqsz,phpebianx@xcpex.com,+37068354832,"eenzdi Street 46-958",2022-02-21,16:00
gdvpvgfcp,wtkvaur@sfswhd.com,+37069131997,"rapecuuz Street 73-839",2022-02-20,12:00
rzkoe,lgwzv@oszm.com,+37065911070,"auvoyrts Street 34-970",2022-04-24,14:00
rpybvhaan,ptfpgxckuo@wkp.com,+37069309169,"ilcnj Street 54-460",2022-03-20,9:00
trcxo,yxggyek@kxh.com,+37069659973,"yvewidth Street 88-253",2022-01-08,12:00
miwfeok,ddxekdyij@chfkk.com,+37060916442,"kktsvgyvt Street 16-619",2022-02-03,18:00
neevww,yhyjuzvoee@unbf.com,+37068181487,"mmbmaqza Street 33-752",2022-02-10,7:00
zwljihjgh,rcte@ljjte.com,+37069604755,"vefkgnrtb Street 54-770",2022-01-03,22:00
kjll,vsklkgbh@uygbj.com,+37066004530,"bunt Street 11-590",2022-04-23,17:00
jgdfuvi,daclvniwvc@jzwf.com,+37064989419,"dqejehlxv Street 02-483",2022-03-17,3:00
tffo,jgvhsygs@qdshn.com,+37064741119,"roazo Street 17-870",2022-02-26,1:00
ogfg,ueqkulg@vfglwy.com,+37062911634,"ntxwy Street 66-315",2022-03-12,4:00
zcllv,gkakmamlyg@ugw.com,+37060150476,"jciuzbbdxd Street 75-783",2022-05-08,11:00
gyjiakg,nqbahkhw@ybk.com,+37065340706,"mrphffpc Street 73-354",2022-02-07,2:00
vurkjapfck,ojwtdzkmkf@esd.com,+37061586524,"cqsxo Street 11-177",2022-05-12,13:00
ktubzhvzf,awnuumzd@ophno.com,+37063737215,"godv Street 34-655",2022-03-07,14:00
wofwmovcg,tagfxfjdzo@tzwj.com,+37064126134,"rfhugs Street 69-754",2022-02-25,3:00
herdyvk,vpgaykzoj@txltsg.com,+37066723562,"zwdqemrjuh Street 83-632",2022-02-18,11:00
eamqrna,ynkgfifvhg@nrymqd.com,+37065223536,"npkthac Street 47-818",2022-03-18,16:00
xvbiqnm,hzegmezdni@asl.com,+37063881714,"qzjmedspdd Street 31-483",2022-01-20,4:00
zgvm,frsuusgxv@bytz.com,+37060331202,"fxllyyk Street 15-253",2022-04-17,11:00
tvfodchop,huxgpdx@yaow.com,+37069005304,"wfrzzspew Street 44-974",2022-01-27,6:00
jjwnh,zhotnp@pgok.com,+37067872943,"bjbmzhgto Street 13-671",2022-03-12,15:00
kqlgazudfr,nvlkxck@lqz.com,+37069839151,"bumeim Street 26-875",2022-02-25,6:00
sbyysunv,newsjconm@xccxnw.com,+37061187010,"uqejctyc Street 29-890",2022-03-17,10:00
vwkrhkave,dpgngwz@ybe.com,+37069855440,"yspcwyyxpb Street 77-208",2022-01-26,14:00
silnwd,iuljddl@qzauq.com,+37068823461,"qbysb Street 32-634",2022-01-06,18:00
iavtdwxzl,bkylfcr@fiiyls.com,+37069769267,"hhlbwsprjh Street 47-774",2022-04-19,6:00
vqsisvu,ddtovqd@lhzn.com,+37068709685,"wmjngvoa Street 17-459",2022-05-05,1:00
ybvkae,lqolvihyjr@gkuo.com,+37068209361,"stamir Street 87-103",2022-02-07,2:00
uvixo,uoutao@qqeqa.com,+37066972105,"flmyna Street 60-761",2022-02-28,11:00
ncyoyjgn,kdqdcgxksh@smit.com,+37061862943,"qhqgekwbh Street 78-237",2022-03-20,17:00
dcsgh,rjbintpy@rgv.com,+37060200670,"btzn Street 55-070",2022-02-11,14:00
xuzszqqxgc,qmwuedlxb@hjjrbt.com,+37068148381,"vfazcxovb Street 43-053",2022-03-15,17:00
uzmuk,isnkukrau@ufsk.com,+37064755291,"qmhtd Street 09-514",2022-02-05,19:00
rxlaaihti,ruyqbls@huzafo.com,+37065019867,"chlricyka Street 36-640",2022-02-07,8:00
hmhhx,qxjjlycmg@nggvr.com,+37067806972,"hstmgo Street 46-905",2022-02-20,20:00
aghejabbnq,htyxzfgved@cbdigs.com,+37066434492,"klewa Street 98-909",2022-05-09,9:00
hujfhf,ashqed@tjxs.com,+37067797067,"dquyjud Street 97-585",2022-03-27,12:00
yrcjcp,bszzg@cgp.com,+37062289998,"iuheagb Street 17-129",2022-03-18,5:00
wgxro,tkskrktkb@coouf.com,+37060543900,"ndpax Street 84-243",2022-03-22,22:00
ddzulzn,vzbm@xgci.com,+37061799231,"duoi Street 54-769",2022-04-21,4:00
smpp,lhgkp@ufl.com,+37068360917,"mupbplw Street 02-547",2022-03-07,10:00
rqtnxc,ugjw@hjoi.com,+37067719616,"ugooz Street 44-870",2022-04-04,18:00
korqrznnaa,mcuuhbdd@rxdb.com,+37060475243,"vdnt Street 87-956",2022-01-12,19:00
nyzyubxzf,nzuvmddqsd@mbkj.com,+37069079851,"gnwewmi Street 28-637",2022-04-04,18:00
zfajbnfmz,vqisjqmfen@pxgm.com,+37062641800,"rwse Street 84-988",2022-04-01,16:00
nbwa,ulfdpj@rvfx.com,+37068440266,"uqrwvrs Street 65-090",2022-01-02,4:00
qpqbxds,cbvgso@evt.com,+37067079271,"miowgie Street 84-275",2022-01-29,21:00
tztq,wgeqzus@fyqmdi.com,+37069710925,"rkcb Street 52-873",2022-02-07,14:00
atqhnpims,kqltijr@xgjkaj.com,+37068610477,"iwyvr Street 52-138",2022-01-21,16:00
fxspnntx,eyra@xptniq.com,+37069305150,"zddepd Street 85-543",2022-02-27,2:00
nkkvjmavm,dzvnjgk@cdh.com,+37063736239,"sqobs Street 85-938",2022-03-10,11:00
wvszjexlfe,qhapkldfdf@zhnuu.com,+37063572202,"eubg Street 04-972",2022-02-06,6:00
oayk,oewnanibf@tzuzu.com,+37060957295,"jqaox Street 35-208",2022-01-01,21:00
aiok,uvax@vzukv.com,+37066951772,"bywaiponm Street 26-398",2022-03-27,12:00
ytzejk,lksbmso@ravzew.com,+37067944616,"xjvhoj Street 29-940",2022-05-08,20:00
zmpcul,iynvye@kfzg.com,+37060899027,"xtmpzg Street 51-724",2022-01-14,15:00
cwwxhofiu,fvvkxikz@aqe.com,+37066552695,"pblrukq Street 32-766",2022-03-24,13:00
lldycmz,mtgwzp@jlw.com,+37069463476,"rgkbfpwp Street 24-651",2022-04-02,22:00
wsabjpsg,kpvgpr@wxzgot.com,+37067745488,"cpenyzgjax Street 33-670",2022-05-04,14:00
ifkdubyuk,eoclmuojsu@uvcmqb.com,+37065227581,"acjvjtuzk Street 18-940",2022-04-30,3:00
xcdh,gbjmklft@myhtgu.com,+37068279376,"fsazjuz Street 50-692",2022-01-20,13:00
eszumaz,wchwhdsg@glzts.com,+37066398766,"ykdmho Street 87-833",2022-02-19,14:00
ncnshxuo,rwmng@ufrfva.com,+37060517057,"czkirbsvz Street 06-428",2022-04-14,9:00
fipxjazpx,iymxtnmoa@zrfwr.com,+37064783683,"xscvx Street 47-448",2022-04-29,8:00
dkwuyrpon,aijcbnzxu@dlgy.com,+37060942016,"goely Street 38-339",2022-02-01,16:00
lxwlfxs,ftef@vlwsk.com,+37061906947,"dqaldtmi Street 56-265",2022-03-10,1:00
wrxsgvpr,pbnlhswq@idds.com,+37066226138,"azywsqw Street 23-791",2022-01-05,17:00
wdtadp,aqmtg@lrichs.com,+37061577652,"psxrbf Street 39-435",2022-02-28,5:00
gbeeca,ityhfkh@zjjery.com,+37062052266,"mblrjwrf Street 00-355",2022-03-21,4:00
zgwlec,pnycqtc@vrlqn.com,+37067501277,"czmmtda Street 33-106",2022-01-14,16:00
eaixmtmmpz,njtcpsad@astnxy.com,+37069520727,"inmfaxxqta Street 91-249",2022-03-24,17:00
phalc,eeipbrfmbp@oop.com,+37068205933,"tqmtstq Street 17-542",2022-03-12,18:00
jmycbpo,wrdkwrwwtj@sswyt.com,+37065539026,"kofbbocf Street 09-030",2022-04-18,22:00
myxphhud,fkvdbgz@uyxjn.com,+37063080988,"fxcnny Street 48-251",2022-01-08,3:00
xyroyuxam,loun@dlwsw.com,+37069264320,"zqyfrzmy Street 72-727",2022-01-07,0:00
egvjd,rckxdrkz@obp.com,+37069789265,"hfqt Street 06-563",2022-02-28,21:00
xaebkzal,qipldhj@doomeu.com,+37069904168,"paijqh Street 28-488",2022-05-04,4:00
uaexjavwi,virxs@ikicj.com,+37064463619,"dopmfcslx Street 94-031",2022-04-03,12:00
mnbcffg,jqvasvr@hmgm.com,+37067274461,"gkbxwql Street 05-711",2022-02-01,6:00
nbymddw,ymzhmhr@fjux.com,+37064578762,"ufuha Street 50-577",2022-05-11,10:00
aglwzt,hnwkmpc@izoe.com,+37068650470,"huaklsgm Street 47-659",2022-04-15,19:00
nmpltydbzk,utbvaidoam@ytu.com,+37064202680,"vvahfabf Street 22-801",2022-04-13,7:00
xincnugvo,cymwres@wqwmg.com,+37061673213,"gdgav Street 74-973",2022-02-09,11:00
hqypf,ohtzkpc@etypl.com,+37068819947,"dsxvauv Street 27-360",2022-04-15,3:00
vanfycr,mfrqyupfgb@pycvd.com,+37061244384,"grsujwbug Street 66-924",2022-01-12,22:00
oelyz,xpxxc@ggy.com,+37068168395,"nhkcmvcxxr Street 35-392",2022-01-21,2:00
oitbddil,mmourtt@kpv.com,+37068499065,"memvqq Street 53-737",2022-03-14,11:00
mawa,cebrh@mrz.com,+37060997632,"zwawumlw Street 13-200",2022-04-07,15:00
onpdhzli,zwsjvxh@gtvkdr.com,+37069934492,"gaap Street 63-205",2022-03-11,8:00
losee,drfrquax@uro.com,+37065667935,"gngoglw Street 47-858",2022-01-24,15:00
qbipryen,johsdjj@yoaydj.com,+37065159914,"vkiuqz Street 80-998",2022-02-24,13:00
ustdoghykl,egsxc@ubcmq.com,+37067400951,"hzcavjwsz Street 35-880",2022-03-24,12:00
exzhbs,oowqvnijl@dgekw.com,+37065407481,"rbvatbq Street 32-259",2022-01-29,6:00
zcutsfqmna,lkajxbla@zver.com,+37062856142,"wmchjtgfu Street 43-726",2022-02-24,12:00
hyqzbqq,rpzppb@hpci.com,+37064483353,"lnzjmau Street 46-644",2022-04-12,10:00
rimonnrh,zvsgxeb@evk.com,+37064474612,"fukbmfaqp Street 10-145",2022-05-06,20:00
kdoyqaksr,sysbvcrrq@nvk.com,+37064970739,"hxpgza Street 03-243",2022-02-02,21:00
civhe,vybziox@uave.com,+37067249589,"jydotpsw Street 48-906",2022-04-26,19:00
wzjpop,luqnxyevll@womyis.com,+37067714656,"mkztutnuab Street 59-506",2022-05-07,2:00
zlzsh,ghwcejmpek@qqfpir.com,+37060875995,"hvzxn Street 86-377",2022-04-17,9:00
lcni,svmu@wlucou.com,+37069859005,"isglbivrmr Street 46-851",2022-04-14,18:00
ftzu,luzaklvjay@jffu.com,+37068369116,"mcvvhezspi Street 79-093",2022-03-15,12:00
gubile,fhfnnhqk@ypo.com,+37060717352,"qwamhncst Street 18-771",2022-03-21,14:00
roiwvnl,xzgpczzhg@pce.com,+37061554094,"tncfygy Street 31-788",2022-03-18,16:00
cuufixxb,glrede@fjp.com,+37068844385,"rrunh Street 34-098",2022-03-21,12:00
yytmkyna,teybaagbks@aiqb.com,+37063058067,"ltgpmo Street 27-870",2022-04-29,12:00
deduad,jsbiuqfwwf@vqhon.com,+37069146285,"dprnixg Street 91-754",2022-02-17,16:00
veiojic,qoood@epbs.com,+37065078956,"wpzsttldi Street 07-875",2022-01-23,12:00
vqumahn,mytxdsat@gogt.com,+37069976480,"iwabv Street 18-108",2022-04-04,14:00
bgvcczvae,cgufky@lnjsgx.com,+37066314350,"bemo Street 27-224",2022-03-10,13:00
amyklmwj,notpisvxj@xnzfaw.com,+37068897442,"qupwbni Street 56-646",2022-03-24,4:00
nzusku,eswvbb@dhaiuk.com,+37063232690,"pnkma Street 86-359",2022-02-13,18:00
idcqra,ynxxziy@btvera.com,+37065183873,"zycsgysd Street 26-523",2022-01-24,16:00
pdhd,gvvaxut@toz.com,+37066788714,"fbkyunckak Street 60-984",2022-01-25,17:00
csiqah,yqgfwtcvn@yag.com,+37067266985,"qpwlutzxm Street 78-240",2022-03-21,8:00
hnrgl,ivxevpfdy@oqs.com,+37060281984,"gnhxuuxvj Street 25-077",2022-02-15,15:00
tabouq,odghhoqrs@peid.com,+37065306005,"tvvslzavz Street 62-670",2022-02-17,12:00
ykfsanpe,zlojfdgmn@akvtqz.com,+37063547474,"qlnb Street 93-543",2022-01-30,10:00
lrtw,xemwpoebww@nrzcd.com,+37060590869,"scwu Street 52-756",2022-01-25,9:00
ukjkaqxf,gkzgexw@twsvb.com,+37061418213,"dwgrgmxget Street 58-596",2022-02-27,16:00
xcrtkvfgk,aauvu@rmyk.com,+37062360545,"bqjpfn Street 50-390",2022-01-12,18:00
upor,hhbjnve@lngjno.com,+37060498682,"jvxpylzbwj Street 56-569",2022-04-09,20:00
pvkbdao,amcgi@sgpi.com,+37068954325,"yioqubuka Street 21-747",2022-01-09,2:00
lfke,jpkluph@vjr.com,+37060406856,"jsxgzggwb Street 46-466",2022-04-06,11:00
uovbtxba,yudp@ine.com,+37064026416,"pmgemood Street 11-695",2022-03-19,6:00
tdyz,euvn@clv.com,+37060788574,"qksbxi Street 09-112",2022-03-02,12:00
dwxane,juhlq@rhdq.com,+37065394118,"bgst Street 30-085",2022-04-01,5:00
otazmy,oxbjeu@hran.com,+37062328782,"zyuu Street 96-480",2022-02-20,20:00
aiacmsndt,wpch@dcvigd.com,+37067827979,"choqnasz Street 20-026",2022-03-24,14:00
yfjwzvsxl,xoam@qdrt.com,+37061395530,"fhann Street 81-269",2022-04-11,7:00
dkmys,gmpzltde@hyg.com,+37062826211,"uvoixvkt Street 45-255",2022-04-18,5:00
fdtocyfh,ntxerd@ktay.com,+37061707353,"hookhi Street 62-222",2022-03-13,7:00
gxapg,gjilgdgfd@aaz.com,+37067837664,"qnqyayrod Street 79-970",2022-03-14,16:00
jafdmybjza,ldlqe@ijm.com,+37065236362,"huny Street 63-224",2022-04-08,1:00
leicfjv,zfgijzghg@nlhv.com,+37068881115,"ykyqurcgo Street 34-743",2022-01-28,7:00
yebiqs,ixuiugy@mygx.com,+37068910155,"zxbcbgk Street 58-865",2022-04-28,22:00
rrcqxfmoh,bfyc@mkqat.com,+37069448312,"eazdgwzuli Street 54-174",2022-01-25,13:00
dptzjjnog,hzpx@fuxfxp.com,+37061411979,"ywkdi Street 28-689",2022-04-12,6:00
nmqj,wgqecexj@orclp.com,+37062994285,"yjvgjhnz Street 92-484",2022-02-19,1:00
evub,mznammim@kcy.com,+37067178657,"jswbqbrrn Street 70-585",2022-04-11,9:00
pfptuzqgn,qpoci@gorrb.com,+37068403796,"mietgtfbc Street 51-040",2022-03-20,20:00
pseqh,natyfreuf@hwt.com,+37062550364,"dmwcyd Street 30-969",2022-04-04,6:00
ieeksehfek,plhgw@oijmeo.com,+37061274209,"czjecvqexy Street 60-611",2022-02-27,15:00
bpqcap,hmopms@wiu.com,+37069520787,"doglv Street 61-025",2022-02-06,15:00
pmfffcr,wsyfyzmivk@qooql.com,+37062715768,"wrpiipfur Street 37-716",2022-05-10,22:00
icokz,bvivxqqapm@toq.com,+37060153556,"vpedoxdwi Street 05-187",2022-04-16,22:00
qnawzafep,jrtaocdv@chekm.com,+37060556434,"mqykfce Street 84-377",2022-02-06,22:00
yhsvit,bdtgonlt@vxs.com,+37069410789,"vnemmxv Street 15-129",2022-04-06,10:00
sgyvwadhxv,qnlk@sqxt.com,+37062264330,"ejmcqqdacg Street 63-985",2022-01-10,6:00
zjglklkk,ahggk@ycwl.com,+37064237425,"eexvzjgs Street 78-280",2022-05-02,4:00
ryecdcw,bxsgapo@kkihk.com,+37068697816,"gwepgjt Street 95-083",2022-04-27,20:00
fjnqjwj,lwanzlyth@tth.com,+37061772574,"rqryb Street 56-495",2022-02-15,3:00
gsdlfqbwup,lmuauw@ezhk.com,+37069865368,"zbnasq Street 01-739",2022-03-07,3:00
pzxupt,ydpla@avzw.com,+37063483350,"qxfqpebkq Street 85-815",2022-03-21,21:00
rypwenpx,ywqzuugffz@oyy.com,+37064565247,"rirdvwgyoa Street 24-306",2022-05-12,16:00
iurzwn,dlouiocgn@bwm.com,+37062471504,"iqzpepzyeg Street 75-747",2022-03-08,10:00
dihlyuieq,swoejixyof@yumgla.com,+37068000431,"fuza Street 40-064",2022-01-06,8:00
zhndxywyi,rendn@ogndxo.com,+37064771898,"ttjxfymzz Street 00-066",2022-01-02,5:00
jeosv,buwvmzxa@thpu.com,+37067244188,"crjvjqxgx Street 07-743",2022-01-08,17:00
mpttovgq,zswtemsog@msggd.com,+37064312017,"lktu Street 56-706",2022-04-08,20:00
tiokewh,krlkss@appbms.com,+37062954541,"afknnhs Street 85-664",2022-03-08,1:00
yerizea,lhnydq@qxss.com,+37069483404,"bftuecl Street 29-456",2022-03-28,9:00
soygitqru,seogt@gynci.com,+37064208161,"nlhpszreyg Street 16-944",2022-02-28,14:00
larnntgm,itbo@llwkhy.com,+37061733386,"pzztcwikv Street 23-104",2022-01-23,20:00
fjkqdcw,rdyk@qld.com,+37061473025,"vwzulh Street 87-201",2022-03-13,22:00
yuduasujvq,tjfehwgtye@amcv.com,+37068095174,"ppder Street 62-916",2022-01-24,4:00
eovkli,niynr@ocuh.com,+37061942801,"fqupyt Street 66-470",2022-02-20,0:00
ciyp,nyjjwzw@buy.com,+37062351728,"ghnpyxotoh Street 16-647",2022-03-15,9:00
fvhtddeic,rbkoj@uyvwe.com,+37066756252,"ouvbkn Street 26-418",2022-02-12,1:00
drnlh,yhbxezqhs@tjkzgk.com,+37064226602,"olkl Street 67-453",2022-01-04,8:00
cyioi,utqdoaconm@ajnohv.com,+37064406855,"uzwmyeuk Street 86-266",2022-05-13,0:00
ycmr,atwjeqyk@jswkx.com,+37064001441,"owmzlgn Street 12-854",2022-02-17,15:00
jpnvjxo,bvkc@zrotce.com,+37065875469,"jesfmrhknf Street 26-385",2022-03-11,13:00
yvkjfwrym,kqwbkmqud@bft.com,+37065549895,"uzjtew Street 91-034",2022-04-24,15:00
frpolumrlo,pqwhflmbx@osulos.com,+37068125410,"ahqqoscpt Street 26-672",2022-02-21,0:00
dcko,efuseyiw@wqpkw.com,+37066392735,"qejy Street 39-130",2022-04-25,18:00
hdkrbtdi,ccelqeu@ryl.com,+37061256549,"vijgqceh Street 05-327",2022-04-06,3:00
mqsjlpvl,tncecngsp@ayrlq.com,+37064683552,"hnwsjht Street 01-115",2022-02-08,3:00
fvcidlvl,mqhgiuo@kiw.com,+37068782551,"nhozaedz Street 89-781",2022-04-18,2:00
lxrbdrvo,pfmgsov@qcjdb.com,+37062387561,"ytql Street 87-446",2022-05-14,11:00
rdjq,fieixbpir@incbc.com,+37062338911,"bzjovhnja Street 86-040",2022-04-01,20:00
drvdbyhy,gqghql@vmnl.com,+37068485329,"ywdrsppjzp Street 33-007",2022-02-23,0:00
xriu,dsmstqe@pptsi.com,+37061073654,"pmls Street 87-696",2022-03-11,14:00
xvaeqi,ajitdpdopu@tze.com,+37065862660,"bbnroiqzz Street 82-728",2022-01-17,19:00
ckob,lnplkjwvup@rpf.com,+37066780563,"fzkh Street 73-171",2022-03-15,5:00
adjn,xkmtbqn@mcey.com,+37066231963,"iktej Street 69-405",2022-05-02,12:00
qrjbmg,hcpirvwab@wau.com,+37061559280,"edabrhmm Street 11-817",2022-05-13,1:00
jhxlmbjwg,mosf@hkep.com,+37060299625,"rqebunpd Street 62-363",2022-02-10,17:00
aqqs,jgbiiycdu@yoo.com,+37068685855,"svhnm Street 96-052",2022-05-01,3:00
xvpa,yfsfimpu@oitwl.com,+37060548144,"mkutkubexn Street 41-922",2022-04-19,6:00
urwmvup,dujvc@ppcbx.com,+37067859084,"yalji Street 75-903",2022-02-18,0:00
doztwbw,enwtz@ijrs.com,+37061046898,"gligc Street 12-447",2022-04-13,8:00
ipgy,ghws@zpgua.com,+37068571313,"gaigtwkzq Street 53-954",2022-04-02,20:00
auuhajjhdr,mxtqkbp@zhg.com,+37066472729,"wrfiqi Street 75-024",2022-01-12,10:00
zupldfppw,mfxemzh@jzjhrb.com,+37067203231,"jhncnrh Street 38-272",2022-05-05,8:00
pukceh,tucda@sxd.com,+37067819669,"mittcij Street 08-530",2022-04-19,9:00
ybuzclyns,pqyrkx@crmh.com,+37062476463,"iwlelxw Street 00-108",2022-03-17,8:00
adqmygq,eanpp@hjgu.com,+37062119012,"iumupysr Street 16-300",2022-02-08,17:00
wynxi,yesoc@ylkvek.com,+37067322347,"xghykm Street 90-331",2022-05-02,10:00
wpmoy,lhcly@ezjd.com,+37062390463,"qchbz Street 53-373",2022-04-30,16:00
pmrsaibyxe,tebxzb@eni.com,+37061938169,"exdvxh Street 43-983",2022-02-13,2:00
vrwo,jskbkd@dtzoja.com,+37068536997,"kvqnw Street 42-967",2022-03-18,7:00
ayhmssvoc,gqjcel@ctckca.com,+37062251133,"gtqmcxg Street 00-868",2022-01-07,12:00
dnrpvvrj,cybclla@bcv.com,+37067059778,"rhaws Street 11-178",2022-01-26,18:00
tjdwdnx,bhanib@zoub.com,+37061996197,"ejtw Street 21-577",2022-03-12,1:00
tyvcwfm,tuxpswa@xmmzof.com,+37060426770,"rwzrvnlxty Street 68-521",2022-04-24,22:00
tqcvufkll,jgajemszpq@nza.com,+37066894356,"vjeutujepq Street 62-012",2022-03-31,8:00
tkwlzltibp,vgcqtuufm@guk.com,+37063604742,"tvncwb Street 40-701",2022-03-28,6:00
lhhzcgh,tkjdtmavnh@pok.com,+37069415067,"mspcadvj Street 25-199",2022-01-08,19:00
kljan,rpkqq@fwqjk.com,+37064067630,"zccwxp Street 68-849",2022-02-07,22:00
wzkocqn,wghmhx@axvsx.com,+37064385056,"fywt Street 10-479",2022-03-18,11:00
zlfcae,quwrslgu@zper.com,+37066227626,"cuhxgrdf Street 12-901",2022-02-03,0:00
qquujlgn,frchxtiadn@tmv.com,+37066583568,"nvtlpb Street 76-141",2022-01-18,11:00
erwyuenbfy,qyoppbwa@xgcth.com,+37062058955,"jghd Street 56-824",2022-02-15,9:00
yhzz,smmn@bqjhu.com,+37062334489,"jyjdyjcop Street 28-405",2022-04-30,5:00
dprfazwmws,zlxpzrgqyt@cywvv.com,+37063964199,"iwvmmhawx Street 14-994",2022-01-19,15:00
qmkfvgeeoj,gkklm@fde.com,+37060555996,"bhdmrsf Street 78-867",2022-01-06,0:00
dxuim,kejdieo@oxg.com,+37069231297,"xvpzflxhah Street 76-572",2022-05-04,1:00
zzpqcf,thettbzqj@opkk.com,+37063926994,"xlsmvgwiz Street 41-723",2022-03-22,12:00
udoykbquen,vppxvlsnha@ntfza.com,+37067927587,"mzeqjqejo Street 03-177",2022-02-17,7:00
ydhqypv,inqybrmolz@gand.com,+37069810789,"tezxxvdon Street 63-211",2022-02-26,17:00
hshgzhw,hiyypslcrp@yzc.com,+37063549609,"bgqyhcvrf Street 80-344",2022-05-10,17:00
srmfauizm,pdaov@hkukzv.com,+37062150519,"awwzpdrkw Street 66-001",2022-04-26,14:00
faphezbze,fzzc@xka.com,+37060961282,"gkacub Street 51-882",2022-02-09,0:00
jhozvg,dngpy@frgu.com,+37067512917,"eput Street 15-815",2022-03-04,9:00
ndcdedv,wbifykr@oma.com,+37065385674,"krtxoehkpi Street 85-693",2022-02-09,16:00
iqqve,nnjcodfu@aibe.com,+37060422169,"vsskm Street 86-907",2022-04-18,13:00
vmvbuiuu,hvyrvzheb@uiplq.com,+37060683919,"lxwivnk Street 32-416",2022-02-10,2:00
ilnuusnhz,wtoimhpptq@zqxa.com,+37061872039,"fpmkewtoj Street 23-692",2022-01-08,14:00
pooeao,ukgknf@ybkpra.com,+37064048900,"xynqznkpcx Street 25-887",2022-01-13,7:00
zoneywsu,ipfalzb@lxbvon.com,+37064959571,"xabu Street 56-663",2022-04-22,22:00
cftfvap,ddtz@dqz.com,+37065386841,"qhjhal Street 69-230",2022-01-09,12:00
wfylfrvcms,zvduou@srw.com,+37061737378,"awyhsqojwh Street 05-609",2022-01-13,21:00
ovxnufbioq,bsalkiykef@nvt.com,+37063484608,"werpmfx Street 98-409",2022-01-22,11:00
kyufqlgzch,iihbv@vitqyu.com,+37066656733,"utgsiesny Street 64-801",2022-03-18,18:00
lzwpeafnh,sgnbbcwwqx@swm.com,+37064391683,"yram Street 98-191",2022-02-22,16:00
bcvmbfdji,vhqxo@hzsbpb.com,+37061841576,"jltuy Street 12-559",2022-04-17,20:00
maahv,jpndrs@ruts.com,+37065462095,"cjzbenmu Street 82-411",2022-02-04,11:00
dmjkhcevc,rkih@lscgrb.com,+37063260469,"hlgyk Street 53-377",2022-01-05,6:00
oavrgy,ilsmwbx@yegp.com,+37061560428,"pqsvhn Street 19-001",2022-05-01,5:00
uenegyd,gieos@lsfore.com,+37068988369,"mutbivqz Street 73-890",2022-01-19,14:00
hhioklwz,nrlmlybshh@tsbioo.com,+37068963109,"nwcu Street 18-681",2022-04-28,7:00
cjujgjwzpb,opccfr@wnkxg.com,+37063447187,"slobvsdg Street 84-781",2022-04-07,12:00
unjrbqx,mqrf@kfizzm.com,+37062840163,"rypi Street 25-189",2022-03-28,9:00
slxlz,tzlsbhijo@ixsu.com,+37067197051,"fetugdcqv Street 24-847",2022-03-27,10:00
knxl,isdefgrd@ywfh.com,+37065569077,"yrkpnxa Street 43-115",2022-03-23,4:00
vwupk,loalkbrppb@aii.com,+37060806231,"epwulh Street 20-006",2022-04-14,19:00
odxy,wfqsnskisl@huw.com,+37062915934,"dloxoy Street 69-129",2022-01-16,20:00
lxwhirstt,myjslmmuva@orpt.com,+37063813382,"pdpmfuxi Street 39-627",2022-03-02,6:00
xxzm,cnlwqoznf@lseq.com,+37067609770,"nstqvqrvvx Street 02-250",2022-01-10,5:00
vxxibufyjf,tjuffhfnk@ccuqh.com,+37061864001,"zeoo Street 01-269",2022-04-25,15:00
rcxjkkix,wibofa@vwgvik.com,+37064061962,"hgudlzfvo Street 24-752",2022-01-02,21:00
xmxy,jjwrno@dozmuf.com,+37065132408,"wtjj Street 60-069",2022-05-10,6:00
kvpo,nifcwwxxr@kufsnf.com,+37069994462,"osiddv Street 70-630",2022-03-15,9:00
uwsnild,vuplbpz@mzj.com,+37061071632,"lxruwfwpcd Street 55-781",2022-05-10,10:00
lalk,isfdmhbm@wkuz.com,+37067111294,"vrjckixuk Street 53-481",2022-03-27,5:00
fpzjlwrtv,cmckp@dzsgig.com,+37066509385,"ttyzn Street 75-062",2022-04-21,0:00
aefsrdgd,nmmpvr@lenw.com,+37064829537,"hbpd Street 65-912",2022-02-21,7:00
mabarx,quqllon@lrndaa.com,+37069716454,"rwrkcedx Street 20-037",2022-01-13,5:00
npebezn,bgld@bit.com,+37060142009,"ftlyxnnd Street 03-752",2022-03-03,4:00
xnhcxl,whpyk@rzli.com,+37061922385,"cydm Street 52-846",2022-04-11,7:00
fumfgusgyf,guvinq@lpbwi.com,+37062301944,"gccrx Street 22-185",2022-03-07,17:00
jhycffhlh,kblxdceh@gqqki.com,+37069975400,"evyl Street 07-502",2022-02-27,4:00
osvevqu,ybhdcnzrws@qzjmlz.com,+37062015082,"nidasx Street 81-263",2022-02-02,4:00
bibirgpqsa,wxavrleb@ktnvig.com,+37069710869,"xiuyc Street 98-514",2022-01-01,12:00
vcbedrqyyw,bgvdzs@eiiul.com,+37066676874,"tiggcygvhw Street 58-442",2022-02-22,17:00
pwezndeg,wakfmztu@ptca.com,+37065180069,"oefannqlg Street 90-163",2022-02-01,9:00
zddekty,hvbls@jol.com,+37068269864,"zxtgjlnbb Street 63-667",2022-03-23,15:00
eyrenve,hbdwqzaz@gbph.com,+37061987706,"zqbooyfwdy Street 34-584",2022-04-10,18:00
gafpctp,qwopfeta@heok.com,+37063166327,"djaxepue Street 65-520",2022-02-08,22:00
thhjt,cxwnyghp@qlzq.com,+37064055442,"upcklsywrz Street 88-746",2022-01-24,20:00
vlpoopw,scjguqh@yntf.com,+37062587786,"pbsmxbvvtg Street 96-065",2022-02-19,2:00
cyep,ubltitbyt@vrxcgj.com,+37064188943,"vwlymr Street 16-159",2022-01-21,13:00
bvhhmqlc,jbhbeutsnn@rtv.com,+37066461447,"itccefqqho Street 42-495",2022-01-27,19:00
dbmtdnkpf,iaixvezl@gkpyat.com,+37067642315,"ddjrjl Street 16-253",2022-04-29,20:00
znlllgm,xlxjrnof@lmwvac.com,+37067161162,"prbehnjk Street 38-117",2022-01-19,19:00
puadpjpoo,akbh@goesw.com,+37062043034,"rjfiew Street 97-979",2022-04-27,19:00
iffkl,uzuyswmlr@tqmia.com,+37064400234,"tajixny Street 65-774",2022-04-17,22:00
wittynbp,xfelxcdvg@sgqr.com,+37069998011,"khxwqwhbtm Street 48-593",2022-05-02,5:00
idqnao,nywxvzhqt@ypcy.com,+37063199207,"visufrx Street 77-477",2022-01-29,1:00
lvhs,bargqv@daabhz.com,+37063788926,"drmag Street 51-673",2022-05-01,11:00
zktyikpb,vogku@npq.com,+37061457658,"avowir Street 09-250",2022-03-07,21:00
scwrxiteis,smfpd@gufdvj.com,+37060742789,"ikqx Street 04-468",2022-04-17,15:00
dwnjrtceuv,tlgzdqjcz@rjj.com,+37065808484,"gmkyknsia Street 53-523",2022-02-05,20:00
mhbu,phejfovpc@kvyk.com,+37065144319,"kefb Street 82-677",2022-02-03,2:00
hxishuhjl,ompp@lgc.com,+37062139614,"mtnt Street 71-663",2022-03-13,11:00
mwmttng,yrjxpnrewy@xlkhzp.com,+37069920251,"eddfvt Street 05-211",2022-03-12,11:00
midjwyza,yadz@ieb.com,+37067135186,"pdsicxc Street 36-176",2022-01-22,15:00
eummgznlg,hszjyroct@ilujjp.com,+37062929561,"xrvbd Street 08-627",2022-02-11,0:00
rrhtjrma,tanpvp@bfsw.com,+37065642167,"grojbxb Street 99-460",2022-04-02,18:00
ophe,lxsobwkpbl@mjsk.com,+37069395912,"plcmcfg Street 63-676",2022-01-26,20:00
mnjx,qvbturqd@aai.com,+37066580610,"fsnpvzt Street 90-417",2022-01-20,11:00
oikfbyayp,xsjrcrurkz@wqxg.com,+37061845704,"unwehhalft Street 77-478",2022-03-24,21:00
llubekgc,vqmxupmr@xhtf.com,+37061605192,"rlnf Street 93-307",2022-01-01,10:00
fxkofkffuu,zcjxcnzv@bwzmv.com,+37066663139,"bvomgoyeu Street 19-437",2022-05-10,6:00
ftblgrm,kfab@qztri.com,+37067205974,"shhywwlpfv Street 71-172",2022-01-09,19:00
qfwk,wjnvat@pop.com,+37069380131,"ndycyiaff Street 17-775",2022-01-12,18:00
ykhoxdrxi,vxprb@rfliar.com,+37060553228,"bfcq Street 81-110",2022-03-26,11:00
tycsem,tldwlpgpz@vftpw.com,+37062045485,"rbgftv Street 77-294",2022-01-22,19:00
agcumkhp,yvjnjhyf@mgue.com,+37061953907,"cwwlys Street 45-088",2022-04-30,22:00
jgiwnblcfw,qksrnulko@cpvfgc.com,+37067456367,"urkfme Street 11-871",2022-03-04,11:00
hggtt,wvbawk@kzvktw.com,+37061299229,"mgzad Street 04-338",2022-03-28,4:00
tlwyixk,qpxocdfl@upltb.com,+37068235113,"rwuqg Street 00-956",2022-03-27,11:00
tvvjfnas,tjichkpnf@lao.com,+37060731593,"oubaxfcke Street 03-562",2022-01-10,17:00
dmgmo,wwfzpei@ybfs.com,+37063888092,"whnmiqgh Street 64-490",2022-03-16,14:00
vnbcblyslb,lcky@qyxeco.com,+37066622274,"opymejjzf Street 88-052",2022-05-05,3:00
twbbsty,evrtgj@zajiye.com,+37064531654,"pupg Street 53-315",2022-03-23,21:00
rrgbvebsbf,mylv@gnn.com,+37066314157,"krdhgxwycs Street 05-121",2022-03-11,7:00
cvuoisaj,imrao@rvmeej.com,+37068395767,"staz Street 95-617",2022-01-18,8:00
cjiafm,plei@npeh.com,+37064772548,"jdjgdrjx Street 27-814",2022-01-23,10:00
yfxo,hvxydngu@jmeh.com,+37066863184,"yhmw Street 96-604",2022-01-09,20:00
pbqujsvhfs,cocwrv@ucjd.com,+37062099835,"nikit Street 19-022",2022-03-05,9:00
vlnhmi,diexjcn@tigsh.com,+37065549815,"zgvmxfaqy Street 86-655",2022-02-07,10:00
tjsruzc,ajdhqw@bfhwj.com,+37061274817,"gnyti Street 42-495",2022-04-21,7:00
cmxdwbwhav,nhksgabygb@fdq.com,+37064520908,"mmsxcsghf Street 17-685",2022-05-07,2:00
kddf,hmwnbxwwyd@lpqtvi.com,+37060265186,"pluubwxm Street 72-983",2022-02-10,21:00
rncmdrqsrb,qocudcmq@kkku.com,+37062058288,"brxaxw Street 94-549",2022-03-01,3:00
hnqbd,cxxuiv@acum.com,+37069541631,"ddktxmfg Street 43-383",2022-04-15,7:00
wjewehnti,qnceg@dxlc.com,+37064491957,"rizn Street 84-634",2022-03-01,14:00
wvgk,mfqnp@wmxe.com,+37061556601,"yjiibk Street 84-905",2022-05-02,21:00
mzufsndy,nvdx@xfztld.com,+37061757032,"kzjff Street 19-532",2022-04-09,17:00
fmaul,ulvhslkeyc@ftpvvc.com,+37064743843,"yrasdrhwu Street 14-064",2022-04-15,17:00
awei,iayyx@mbcia.com,+37068908060,"hvakndola Street 26-825",2022-03-22,5:00
rswuxpytp,mrfwfyoqqi@wjs.com,+37061028253,"ttdmq Street 20-100",2022-04-16,7:00
dkrjyhroux,djlmzuudi@ddgm.com,+37060571397,"yhirjruu Street 70-791",2022-04-08,20:00
ntjhemu,ewtzb@qhhhpc.com,+37064307770,"ufjidkjjj Street 06-247",2022-04-18,11:00
ygzu,kacpwu@zppnv.com,+37062600736,"pansguj Street 81-880",2022-02-18,1:00
fglwwhzuzf,ifplyi@wipk.com,+37061505143,"opsqnrna Street 93-116",2022-04-27,12:00
hqchjlohpl,jtuoxx@dzlnk.com,+37068613743,"ccvvnmjrl Street 42-358",2022-03-07,19:00
acyxs,qnepbmsyjo@jdnj.com,+37063439469,"deqnskqlxp Street 32-584",2022-04-29,7:00
jhlf,byleffu@kda.com,+37060287642,"bvzf Street 28-101",2022-04-27,22:00
wgsvshb,zygrofzln@vsdwym.com,+37062261023,"gmkwlfcpkz Street 66-404",2022-04-17,21:00
rnbfbvce,stcmmqk@zft.com,+37065172769,"tqgvgjoyjk Street 76-792",2022-05-11,8:00
wkypftpig,svny@gij.com,+37065014801,"tdbpdc Street 28-900",2022-01-10,0:00
fxxpsz,kgkjbmzcx@fuauhs.com,+37063538166,"zirod Street 84-776",2022-03-08,1:00
nfuevt,zfqwygldm@pnyvx.com,+37067093887,"iuowi Street 52-102",2022-03-26,2:00
aajhi,pbjdh@tzppxo.com,+37066080618,"tjgyhkukj Street 97-263",2022-01-29,17:00
kpvbdjyip,tborhdse@djvno.com,+37067837857,"qlhiyqs Street 00-102",2022-01-24,9:00
efigmbiq,xfmbhjw@adb.com,+37064139625,"uriuzte Street 65-057",2022-03-28,10:00
jwjsarhf,mgyyzjn@yhnzz.com,+37060946831,"ysvf Street 18-797",2022-01-28,13:00
jdnfecl,hfdid@ebd.com,+37068008472,"rgjxcfezc Street 93-544",2022-02-07,16:00
tjmeoy,wruvtoc@duclj.com,+37067670126,"ngkrudf Street 52-701",2022-03-21,18:00
apcvm,fiosjvnh@aemgc.com,+37062443769,"tiyagfsba Street 55-673",2022-03-04,1:00
remzlap,yrluoicwn@znjkxp.com,+37064727318,"hfcyim Street 23-787",2022-02-24,8:00
nvtrb,vjyyaab@rjv.com,+37062648565,"fnkfb Street 02-458",2022-03-13,19:00
hneu,pddwimg@wenk.com,+37060647755,"eyrxw Street 93-094",2022-01-10,0:00
qgsrwvvz,uofi@ufz.com,+37069312014,"wirxg Street 80-242",2022-02-11,0:00
fhslltyok,njhy@eymk.com,+37065703521,"btjbtq Street 57-572",2022-04-10,19:00
rvlrair,sgndhtww@sjeywc.com,+37064176776,"wfwswypwst Street 32-707",2022-03-21,9:00
cibnyw,ihwypw@svzi.com,+37060158786,"qhbbkb Street 49-637",2022-04-03,13:00
fojs,uapnn@chje.com,+37067436683,"jozabnut Street 53-991",2022-05-02,9:00
ugsdwrqfag,apoh@gem.com,+37066907953,"gqyn Street 89-152",2022-04-25,4:00
izql,auuytw@qnjwn.com,+37069914524,"kwynd Street 55-561",2022-03-28,12:00
ulpqb,iunfjntk@jgb.com,+37061888498,"vjijrfibo Street 41-508",2022-04-30,0:00
riuiesdhc,zkaapmx@ddmdg.com,+37065180662,"wkldbunlzv Street 04-796",2022-04-07,11:00
iwkmsh,glmvlxj@rwa.com,+37067135281,"svczi Street 10-225",2022-04-30,5:00
ugafuttrtr,ewpxg@ygmzaq.com,+37066540946,"gowzk Street 86-779",2022-03-01,8:00
cphc,jnsoarphz@ggdmmx.com,+37069073775,"qmfzgh Street 15-831",2022-01-14,18:00
fovpvsuo,vcahku@hmejyw.com,+37064999251,"uleodrh Street 73-093",2022-03-03,21:00
vmvy,ewfm@dmt.com,+37069313333,"lhuy Street 43-578",2022-04-10,20:00
zoqhsc,rdrdnom@qhzqn.com,+37066055104,"bqjw Street 71-272",2022-05-06,2:00
evxemddc,trqabgif@jis.com,+37066285179,"btuwrwfsai Street 53-820",2022-02-09,21:00
mknhsyt,tjghbs@zftykk.com,+37061709939,"pscu Street 75-055",2022-04-24,16:00
ujfrublpkx,nzikj@nry.com,+37065643484,"ohuszj Street 85-685",2022-01-27,20:00
fgtood,riquefz@toy.com,+37062462662,"jfube Street 96-550",2022-04-19,2:00
eecg,dwgkokys@fev.com,+37067720774,"ecef Street 26-170",2022-05-06,3:00
kpquj,uctcs@mdsfiz.com,+37062035457,"lmtppueju Street 70-308",2022-01-19,0:00
ixxwfw,uujz@vten.com,+37069306260,"wwjjtmxl Street 14-833",2022-04-09,9:00
tlytlkd,tzmcdbd@bsdbx.com,+37064773642,"xplm Street 38-184",2022-01-18,13:00
vjfpixr,ldihkx@myybip.com,+37063829509,"hmfceq Street 83-777",2022-02-24,12:00
pnmxprmsit,mkvtxea@obip.com,+37066630582,"nzise Street 43-205",2022-03-16,8:00
kfxhkem,liyzoka@ykvorn.com,+37066110386,"tehgrw Street 14-190",2022-02-22,21:00
apcrktug,ykuyno@xivzvj.com,+37064483756,"wfir Street 07-452",2022-01-10,16:00
xfrmqcsxpq,hvzipdwlx@cik.com,+37068518537,"yfyfbjc Street 64-269",2022-04-18,6:00
rhqdsi,vbyab@jfybe.com,+37069412642,"uortbls Street 66-612",2022-02-07,0:00
fhncromly,bwysjgka@mcghr.com,+37061471584,"vnlhnemtid Street 17-890",2022-04-24,22:00
umdntpvc,otwieoojyo@zqgpl.com,+37060462941,"avkwarl Street 33-812",2022-03-19,16:00
qqjpg,uidgpnyol@szqixp.com,+37067656852,"jqjwqywv Street 01-027",2022-01-11,14:00
xakvltjuw,dcwmpxbsey@mpju.com,+37066350885,"fwhrc Street 11-171",2022-02-02,8:00
skypkpjqv,sctbqio@vheu.com,+37067263598,"howpoaae Street 69-411",2022-03-13,0:00
xtqjlt,rjjvcd@ubo.com,+37064871348,"hxoiut Street 05-397",2022-03-19,12:00
eokhktwufi,yihyonq@att.com,+37068369713,"wwcbrv Street 36-829",2022-02-24,7:00
nwtuays,aifaaz@ibw.com,+37064271677,"luifrwj Street 95-701",2022-05-12,12:00
foqar,vjedk@uhb.com,+37063461153,"esxdhkg Street 90-976",2022-02-07,11:00
aldlgsb,fqcj@fjwhcd.com,+37066701932,"uvpv Street 79-096",2022-03-15,4:00
aitzvqvs,irqddsisnm@wcgne.com,+37063870030,"hxkmwikf Street 50-747",2022-02-19,2:00
frgqla,ldpgs@tlgac.com,+37065094202,"gkeofsdjk Street 49-142",2022-01-16,9:00
aimtiotqcx,ukremntwsp@bwthha.com,+37063199886,"pvcsmx Street 09-617",2022-04-22,17:00
cxqbf,pltr@hcgbuq.com,+37068392835,"niilmcpq Street 86-541",2022-04-10,8:00
ljcr,wpawuuon@lrhjv.com,+37066176630,"cqfzaz Street 30-170",2022-05-12,6:00
cvjrpe,lmikrjlrno@auf.com,+37060360617,"bspn Street 61-330",2022-02-18,0:00
fmqbkk,otvaezki@gpb.com,+37060605768,"fkdpzgegyn Street 17-345",2022-03-07,4:00
trzolrczf,burcv@oydw.com,+37065890621,"lapecbt Street 12-747",2022-04-27,0:00
suezsho,sevnebn@qcbrai.com,+37067626504,"hzkaklswnv Street 82-459",2022-03-11,2:00
vnvwd,jgjysv@gvq.com,+37064840036,"ypfeaga Street 15-071",2022-03-14,4:00
qbjcumc,xiuxwq@bxqbqo.com,+37068665601,"glxqlej Street 48-651",2022-02-22,15:00
npeeqs,qhyuls@mynyla.com,+37066704891,"dmtfftr Street 15-340",2022-04-28,13:00
dsezpbwqnk,xgyhqzkona@vwgfwx.com,+37068270610,"krmeljk Street 85-507",2022-02-12,19:00
osqtpgujp,xygr@cjk.com,+37065111918,"cnkcal Street 08-608",2022-03-17,6:00
jjssqtrrh,tpmtbkq@uhqn.com,+37068298130,"dzjhancjbg Street 38-177",2022-05-06,8:00
syiwb,bkyo@ttaa.com,+37068464289,"fpcvt Street 82-748",2022-03-17,4:00
ivmc,oxcswa@mkqarp.com,+37069250607,"qemebrhej Street 74-143",2022-05-13,20:00
dganhb,otgpmk@uph.com,+37065503726,"znqqlayzab Street 86-808",2022-01-18,8:00
phwjnhng,xyisqfs@qyuhxj.com,+37063088930,"lbpecrxfig Street 28-078",2022-01-21,7:00
gluhtro,emncfltgo@yoj.com,+37062507831,"wqgwosqtzk Street 49-021",2022-01-08,19:00
jegpvuje,forgj@rtaxm.com,+37065096134,"dbcublwql Street 46-257",2022-01-02,21:00
qbban,rece@vgl.com,+37065939167,"cuyrsqryd Street 84-083",2022-03-11,5:00
zexnkhix,eaztbgazqm@nali.com,+37066843435,"jjwcqb Street 04-200",2022-01-22,6:00
etuxrhvje,hhcp@ugyik.com,+37064250605,"moevfs Street 33-500",2022-04-25,2:00
ppggvp,hpqszphr@tfiugm.com,+37068530946,"ddxxxdar Street 35-998",2022-04-21,22:00
tqbdm,ieunoob@xzryzq.com,+37065887154,"xkagbvjyoi Street 35-787",2022-04-07,18:00
nelxavhydc,adcqdwujcg@itthi.com,+37066130501,"wfovef Street 50-539",2022-01-03,8:00
mxuzv,jcsypspp@yxcx.com,+37063121872,"ykcixj Street 09-991",2022-02-15,0:00
yfcwkbvin,xpoyc@vdr.com,+37067369623,"fuibn Street 18-256",2022-03-28,11:00
ucajokmsui,ezuabwwl@xdrvw.com,+37060278676,"pboyutqfrn Street 52-087",2022-01-28,16:00
rpgdmz,amls@ovofk.com,+37061234245,"cuduir Street 00-180",2022-02-07,11:00
ejezdf,zkbchzbgkl@gch.com,+37061566931,"soqzrns Street 21-018",2022-04-27,14:00
unot,mpecea@qafsyj.com,+37066097393,"ckuitocvwf Street 88-139",2022-02-21,12:00
wfybfmyyen,gnnun@rbt.com,+37063770883,"pafyi Street 88-876",2022-01-15,17:00
gicv,bsbahujst@xhy.com,+37069586157,"uvjii Street 21-102",2022-03-03,8:00
zgqr,zpujzybxbz@nlq.com,+37067876690,"lcqyyw Street 11-553",2022-02-21,4:00
qdmdpzoqf,xrvx@aud.com,+37061874558,"vgsqnlrx Street 50-539",2022-02-15,12:00
fyet,brnkyjb@iltc.com,+37069762157,"eovisjbui Street 60-684",2022-05-10,14:00
ltlwoa,iiufi@cpq.com,+37063803423,"dujwrfob Street 85-592",2022-04-12,1:00
yrmqynegg,grrze@zzk.com,+37067548309,"irwrje Street 77-779",2022-03-01,15:00
ziqynoh,vvgzx@ehw.com,+37064968234,"lmmuvultau Street 50-593",2022-03-16,15:00
fekuxvsw,ialaocf@gygxrf.com,+37065037110,"tmwyygrpv Street 71-200",2022-01-14,0:00
erqetlzjrs,ouvrmqol@uux.com,+37063487288,"rpcaesuk Street 30-819",2022-04-18,2:00
ocnxgicoi,ygmz@wymlj.com,+37063549771,"gatwoqhpdq Street 48-495",2022-05-13,3:00
egtgivpccb,meworz@tmp.com,+37067648885,"cpcs Street 42-815",2022-02-15,4:00
ixdelc,vzvj@hjjwxg.com,+37063819534,"azqpx Street 15-227",2022-01-18,2:00
ybhchikasx,wzdhrx@jci.com,+37066420044,"slcgtzwzu Street 41-100",2022-03-08,14:00
zgykwhjx,zxid@zywxja.com,+37067169741,"jalem Street 38-127",2022-03-12,14:00
kchzfvbe,mpiziefo@dig.com,+37066448024,"qfevim Street 67-506",2022-04-21,15:00
pvnq,ujkv@vaibpb.com,+37066697205,"idgdb Street 06-238",2022-01-23,17:00
gdvxbk,okgqmnef@ifoyl.com,+37064237851,"garjnt Street 03-177",2022-02-05,22:00
twnhynq,yfnxupdjr@mfb.com,+37067239149,"pgto Street 41-917",2022-02-11,14:00
cywt,nphb@tqwia.com,+37063513452,"fqijg Street 94-338",2022-02-07,1:00
onvkox,immn@bygqru.com,+37069949049,"hugmiwn Street 97-211",2022-05-08,7:00
ttolae,tuwno@odjkp.com,+37068903026,"xzxe Street 11-506",2022-02-12,19:00
btpxxa,qqkjx@mlflj.com,+37062214578,"xzyluebc Street 10-971",2022-01-12,9:00
vctvmemlyj,jztes@pwcb.com,+37068538949,"ipwxf Street 52-427",2022-03-23,10:00
fkbpteshnc,ccwbz@jffax.com,+37062155828,"zyyrp Street 82-785",2022-05-10,14:00
uaplw,qczlivq@ckrd.com,+37063325747,"crwhz Street 19-224",2022-05-02,7:00
ehgwch,buntarq@qtrcky.com,+37060177314,"xitpq Street 67-986",2022-05-01,10:00
dyrxcoovcw,fpxgf@bxmjq.com,+37066927262,"kahzw Street 44-676",2022-02-21,7:00
owjyg,vdze@qpd.com,+37068722003,"nkdszvb Street 29-859",2022-04-30,6:00
tohfbrcvcd,lyfwgsa@zbis.com,+37067147438,"juxzzjyl Street 38-382",2022-02-22,22:00
srfcbqhcq,lgdlc@okpe.com,+37069021276,"ebcitpnkik Street 85-831",2022-01-26,1:00
tuyi,wcfizg@hggkz.com,+37065271684,"yyvgtm Street 47-405",2022-04-26,18:00
vygcf,mcgoqqupr@taq.com,+37066544627,"nrlgdgbrp Street 49-937",2022-03-20,22:00
ailguc,hlykughyu@axgu.com,+37062177316,"jhbi Street 69-386",2022-04-01,21:00
jljgb,quvoacns@csk.com,+37067886227,"duxfqun Street 03-086",2022-01-12,6:00
bxjlt,ncvbr@awb.com,+37067708733,"mfysg Street 05-894",2022-03-22,8:00
fcjwrbmyrt,cjdvqyinr@cla.com,+37062298253,"atbpszfx Street 72-270",2022-02-03,20:00
zdya,sufi@tdq.com,+37060861319,"peee Street 04-612",2022-04-06,0:00
vwbbu,yxxtl@sbls.com,+37063777161,"zearfyr Street 94-808",2022-01-15,20:00
xihzqup,scsbkg@zti.com,+37061962431,"enlcvc Street 11-356",2022-01-07,4:00
xsbykqeajh,ifpvthusl@crkks.com,+37067685170,"sixlrf Street 82-551",2022-03-09,16:00
znowq,cqrlmbkc@fsry.com,+37064544389,"zoll Street 66-481",2022-03-24,3:00
ftffr,nsujsxuvs@giztlj.com,+37064071712,"mhdvfdfqfb Street 50-713",2022-04-12,13:00
bxkhgd,yzltankmz@swysxm.com,+37065083936,"aull Street 46-398",2022-01-02,3:00
cptywgf,fcrzuoalmb@zja.com,+37067997203,"qrzb Street 10-225",2022-02-28,19:00
exwuh,wdqxoafhos@aobrnx.com,+37062619981,"fvrjbdv Street 32-662",2022-04-17,15:00
yfobjlymm,fivayif@lfa.com,+37060453294,"rskpojc Street 67-913",2022-01-20,16:00
oyjzrlw,bomgo@gzyf.com,+37067571158,"rzvtehqw Street 48-944",2022-04-17,10:00
tsefqkq,ldijyfgnrz@juh.com,+37062878366,"wzmyxmn Street 92-997",2022-01-23,19:00
vntyibfqp,xhtngdtnpj@gmqk.com,+37063382614,"ndhqm Street 11-788",2022-02-03,2:00
oovinpkcts,wveylz@xhhjg.com,+37064853947,"qjsjqp Street 52-129",2022-03-07,22:00
zpljr,stfh@lqmt.com,+37060656252,"iyrwq Street 70-252",2022-04-28,12:00
nycyo,nurxbhn@hjd.com,+37068884137,"impdng Street 67-162",2022-03-04,14:00
eytiyh,mipiuefz@dpfznp.com,+37069437682,"wvvzh Street 41-678",2022-01-14,6:00
thhhiz,bgfa@wdkcn.com,+37068803072,"unbfmlisw Street 32-402",2022-05-12,14:00
qyrgtogmdg,slphdit@ota.com,+37060793102,"ilrentes Street 41-227",2022-04-18,12:00
iwoasdl,hjlmpqhoy@akrhxz.com,+37064203354,"aqhouw Street 33-529",2022-01-31,2:00
luehuaeupu,skhlli@djwm.com,+37064732077,"tczbgve Street 81-118",2022-01-06,11:00
jipvg,nuiooizb@bod.com,+37067262469,"bwogzdhp Street 37-663",2022-02-27,4:00
gmuzzxwo,zmjtilqv@jvgfn.com,+37069250487,"rjsj Street 52-546",2022-05-08,9:00
czjhubxd,bbid@cuuvuw.com,+37062577836,"aydfm Street 05-501",2022-04-10,18:00
xzrc,qkijaz@mczqgl.com,+37068834619,"grwwuakzk Street 95-925",2022-01-29,16:00
kycwi,dwkme@knpaa.com,+37060419510,"wtpgpgcfi Street 69-749",2022-04-15,17:00
dtkobbfq,skal@qfnfu.com,+37065202652,"azwgojwv Street 79-315",2022-05-03,1:00
ofdxxml,qyumaf@flr.com,+37064861014,"msvlpom Street 38-628",2022-02-14,14:00
eygoq,yrtm@arcihe.com,+37060737149,"ormrhi Street 22-608",2022-04-16,18:00
kbadxigmtg,rpko@jwp.com,+37066818051,"khqqjukmjx Street 36-689",2022-01-02,18:00
rpricbhpa,lfwxdvvsz@ndyozl.com,+37063007009,"nfffhczepu Street 16-313",2022-03-26,10:00
refvhmb,dqkpvnvbp@rtbuey.com,+37066199175,"yheiukiid Street 06-417",2022-02-19,8:00
yvjnml,mnoing@knlqvl.com,+37062159432,"astiyb Street 37-103",2022-03-01,19:00
uwjyt,kzlb@dbotih.com,+37066506316,"depzxgamzo Street 91-544",2022-02-18,22:00
lios,igvn@ezbgi.com,+37068373633,"vjhopyff Street 54-228",2022-05-01,5:00
lnrnl,zzmjnlbn@tpicpc.com,+37066158937,"zurxvz Street 06-286",2022-05-05,1:00
fhmq,qfihajc@vkdjv.com,+37061854294,"ntoool Street 03-139",2022-01-16,17:00
spvwzf,tcpbbbojg@hgzzx.com,+37060683731,"tnrolpjpb Street 23-214",2022-01-04,14:00
rntnnpyjom,edjgxdlx@xgtsj.com,+37064825942,"qvyi Street 18-036",2022-04-10,14:00
wlyj,rmuqa@vnlx.com,+37067376153,"rddmgqye Street 48-424",2022-05-09,11:00
mfsojhfcr,uctjer@dvuzf.com,+37064041658,"njtazbanda Street 21-509",2022-01-27,12:00
knfnpl,utulczd@hle.com,+37062199547,"qvavobw Street 88-341",2022-02-08,5:00
ksdog,eksgve@efwoc.com,+37066083638,"zdib Street 80-577",2022-02-26,15:00
ivmtlz,hvzfd@xxvrw.com,+37067165823,"zqmtfdwodm Street 68-085",2022-01-13,21:00
fzdlzz,rgsmdv@wok.com,+37069584859,"pzeuemvzqg Street 46-147",2022-05-10,9:00
snzpxojnpu,godhhs@gtghf.com,+37062767617,"cvlhrzm Street 16-670",2022-05-04,9:00
ycrnq,dnysp@vpynx.com,+37066368361,"aagxlmtx Street 01-900",2022-02-14,0:00
mfrspf,iapcnweaj@bjcsvn.com,+37062676319,"tsjyhpevd Street 55-613",2022-04-06,3:00
awzwd,goydyfubmf@pjbq.com,+37068908938,"igpdgh Street 38-702",2022-02-09,8:00
qqmdoi,tzxaswyx@tvpim.com,+37063213099,"zeaqgf Street 95-098",2022-02-09,18:00
kyrtzll,wbxm@xzfnyt.com,+37062991550,"cngbgjkg Street 38-161",2022-02-05,16:00
xbakkwgsq,glozl@fbwrh.com,+37069290075,"dsaqwquzu Street 74-121",2022-04-16,16:00
hjiukwub,todhmob@hjkhp.com,+37069974531,"vvrcy Street 27-393",2022-04-03,20:00
fczaqdtvnh,knvpbwmnu@haui.com,+37068692008,"kdnbofu Street 40-619",2022-02-19,9:00
xsxmv,kvqps@nvisdg.com,+37064022493,"hchdmsk Street 18-242",2022-02-22,11:00
yismtdi,pfyslk@ueou.com,+37063353249,"cfortwc Street 53-448",2022-02-13,0:00
sptmggz,poefp@wipxz.com,+37061659553,"vzvnarrqer Street 32-722",2022-01-22,5:00
fhtbdosoe,besqbijhl@uzr.com,+37066577925,"fjwxmqa Street 94-806",2022-02-23,12:00
fhbwiqz,zjcbmnqz@hfida.com,+37060513549,"hjdvsaghwo Street 99-561",2022-02-04,22:00
zqwtob,xviygz@cjwu.com,+37062030318,"eogjaoqjm Street 58-609",2022-03-30,10:00
orubvv,ejxl@yfph.com,+37063279734,"zedfcdjmc Street 40-762",2022-04-26,18:00
hhqd,firyw@zmci.com,+37069934990,"xzfzdn Street 61-996",2022-01-28,2:00
rxjq,ixqvagaa@lkgnt.com,+37060767058,"xptgvfqpky Street 27-599",2022-02-16,22:00
slsenq,ldcj@zlqwyy.com,+37069672733,"uelo Street 65-970",2022-01-10,4:00
ntasiovmt,rsdsfnx@uktlb.com,+37061140387,"gqbbnexjx Street 73-883",2022-03-02,0:00
rccgdfbm,kcncv@snnj.com,+37063685915,"hcisxjvp Street 31-522",2022-05-12,0:00
nshc,cwznwp@mglvyo.com,+37061767553,"mrjcjpa Street 33-558",2022-02-08,7:00
xqzl,xgubppa@hhf.com,+37061615383,"aezky Street 97-336",2022-04-01,14:00
ybksf,reuvuoysjr@ccaz.com,+37062300740,"xswxipuwa Street 60-423",2022-02-24,16:00
esgsa,osphaa@zts.com,+37066037871,"qfcdris Street 02-096",2022-02-22,10:00
fnfp,ztginw@ismsg.com,+37069522931,"xgecixpim Street 86-532",2022-03-15,2:00
whyfamoz,kslnbkysa@kmer.com,+37062564523,"vdscfkk Street 95-672",2022-02-20,6:00
xevnhx,zgucldmgsm@gprrbs.com,+37061424485,"ggubgkfc Street 01-732",2022-02-27,13:00
ndsqlhbe,wpwjab@kxhh.com,+37069063040,"jazgoldd Street 03-793",2022-04-24,17:00
owdionswyt,dsczzklult@fes.com,+37069584220,"dkigrqjtb Street 36-599",2022-04-22,10:00
fqfiiygsal,dbar@hfkg.com,+37065496560,"xbszs Street 48-033",2022-03-08,15:00
rpmxnqii,uqdcsum@upiy.com,+37066306055,"iglswfwpvg Street 34-246",2022-01-06,17:00
mmsghkyujg,cpyhvjj@sub.com,+37067503687,"txvkqovf Street 79-635",2022-03-28,9:00
eetvilafvi,ebpfvpkbw@necwgd.com,+37063551677,"earnqktoq Street 44-537",2022-01-12,21:00
vdpai,qrhbkdofzb@tce.com,+37066231960,"dixnswkjxs Street 36-722",2022-02-03,3:00
clcoyysk,woqmxdnmih@kmvf.com,+37068307698,"fhfdndaxlk Street 81-666",2022-05-03,12:00
ztdj,fgkxcvvdz@dbi.com,+37068398092,"gwpxa Street 10-610",2022-04-25,3:00
sdzas,txgahldnx@pjehh.com,+37060666426,"vojymbylub Street 07-835",2022-01-14,16:00
jfunxiao,ijyzst@ivfdp.com,+37064583102,"zrhkmiy Street 28-296",2022-04-25,4:00
umqdfd,yzdefj@xhods.com,+37064758022,"fulsxmzh Street 70-461",2022-03-30,11:00
wrbxe,nwbgeg@mbjqdq.com,+37069105619,"zjzjmu Street 48-321",2022-04-10,12:00
vqqgmcwf,ycra@mwd.com,+37063892724,"szxdvtlqt Street 34-752",2022-04-27,7:00
inko,hglwixhiv@sbnssy.com,+37069045901,"mpjf Street 08-481",2022-03-10,0:00
ovcqjjybs,ydahdl@qusbp.com,+37065119338,"zflivzgf Street 28-859",2022-03-28,18:00
htwocq,kjky@kiba.com,+37066839876,"rizumxocvv Street 84-552",2022-04-11,10:00
nwiq,fbjgcwty@iwy.com,+37067557879,"uzvpa Street 68-815",2022-05-10,20:00
fjtpj,sxgnxu@vja.com,+37063444455,"obgkadjgo Street 36-640",2022-01-02,3:00
ysbahnse,luccpedj@bzm.com,+37062553973,"itqwoemsu Street 14-077",2022-01-16,18:00
yyzjdvfhq,tpojyw@jgnkh.com,+37067408529,"cogtl Street 23-077",2022-03-22,19:00
ahkwbzc,bikhvi@usbzl.com,+37066511115,"sbobmfdq Street 44-810",2022-04-01,19:00
aukmmh,hhybhioi@nnl.com,+37065849861,"thqlhbuiz Street 31-143",2022-01-23,2:00
ipunamc,codiq@fayvu.com,+37066191493,"cyiwkcjaxl Street 23-819",2022-01-27,17:00
idrmajrw,eiiyg@nujph.com,+37066741334,"gowuym Street 08-380",2022-01-16,18:00
ylcdv,tbganwhli@piyqrl.com,+37068085839,"cpcgxtr Street 37-891",2022-04-30,15:00
pvfm,zenvwt@xgzu.com,+37068813972,"puyzmfob Street 96-502",2022-01-24,14:00
ujpbwdg,ibtjdwjoce@veyad.com,+37060758082,"soglswm Street 03-529",2022-01-10,14:00
gsfufxl,pjmgber@wid.com,+37062511399,"qfoq Street 15-870",2022-01-11,7:00
nuopqncdtz,tdjfnzne@crgqm.com,+37061827442,"ptez Street 87-406",2022-03-21,5:00
ilrzqvp,zauex@cpuent.com,+37062513986,"qlna Street 55-619",2022-05-06,14:00
ggmd,vogwskua@tpf.com,+37061433452,"qcgpota Street 97-027",2022-04-10,17:00
lamjcvc,honjwhlbl@brsbu.com,+37069547727,"efzffzyomz Street 91-724",2022-01-25,18:00
eqatzs,tbsizavrd@pmca.com,+37067491358,"bwvcmryh Street 42-760",2022-01-23,22:00
mrisekxog,jqdqfi@vgy.com,+37068237353,"fhpj Street 48-941",2022-02-14,9:00
ccurhlf,mjkiw@odmw.com,+37066002885,"fxjcxe Street 97-289",2022-02-03,13:00
tnpzd,ytso@jfg.com,+37067873512,"jznieq Street 41-529",2022-02-10,19:00
rwuxjs,fagukrstae@urfnxr.com,+37060781615,"dofcmh Street 33-935",2022-04-29,2:00
fgnal,rkxdujch@fqr.com,+37064209532,"mkczlpyu Street 35-636",2022-01-06,2:00
agxceqip,kfllckdd@jsxrnr.com,+37065067917,"gunbvoh Street 30-414",2022-02-03,0:00
nmajjksqo,qardsqiknt@zhins.com,+37062660997,"qinnbyfl Street 46-004",2022-01-19,6:00
tsjlxaero,nkbe@fjcms.com,+37063147913,"zuullxppfh Street 39-769",2022-02-18,6:00
vqmmiecti,vbjkkkbd@amg.com,+37065840643,"itmaramfsk Street 39-028",2022-03-23,7:00
vjdkf,dexsj@csz.com,+37068621287,"vwgtgftz Street 56-187",2022-02-21,3:00
yhqunnn,ngjigxzkwu@jnzns.com,+37062071220,"natxiispv Street 80-407",2022-03-16,14:00
mehzsiio,kmcrzcdf@vkea.com,+37065743348,"bolzppkbs Street 99-129",2022-03-23,0:00
ahftm,alvfluz@jor.com,+37063532665,"vyicnmiqt Street 51-442",2022-01-19,11:00
uwku,wjgyzkwxul@vtsuao.com,+37069597289,"tyclmoeeh Street 11-223",2022-03-31,16:00
peubzp,chgxkmkytv@acg.com,+37067576250,"vqfoq Street 12-084",2022-04-14,10:00
wgbs,swgos@dgiga.com,+37060465392,"qoxhnease Street 83-944",2022-02-18,4:00
tnnkbm,zekccojcc@bgrm.com,+37063849283,"bplkjw Street 56-229",2022-02-22,13:00
xhfuz,eigaeqpg@wsdwc.com,+37061518198,"ovcvasedrj Street 50-840",2022-05-07,12:00
lifimsgt,podmc@ajdm.com,+37064920991,"vxguue Street 77-045",2022-01-10,9:00
sdhfd,lhlhfw@wojlq.com,+37062625907,"mktxum Street 36-684",2022-04-13,2:00
vjqc,qujjg@pvgx.com,+37069185286,"ktoklnxa Street 50-371",2022-03-06,17:00
kurreauxv,xkiopetxu@qyly.com,+37063532854,"ongxdpxwq Street 00-504",2022-03-13,15:00
yezijbo,nsbton@hyxgzk.com,+37063515976,"qttl Street 44-013",2022-03-01,17:00
eptwfx,zzkjwc@zsmx.com,+37069006090,"dhtgiviwyd Street 82-422",2022-01-18,7:00
uzngkbq,anwjthsfni@etye.com,+37060676643,"iqedp Street 64-650",2022-02-20,11:00
sbsgrgsm,ujhk@npvpua.com,+37062015078,"qscttxb Street 97-164",2022-05-09,6:00
rvoinmd,bpewb@xxqukd.com,+37066837257,"soasyspm Street 56-365",2022-04-01,1:00
qmgpdtrtdq,ginizz@xpwhj.com,+37060477484,"loplntdwk Street 89-229",2022-04-02,15:00
sdqgjpw,vfosvezhf@tafhi.com,+37062757383,"wnqin Street 87-864",2022-04-15,19:00
djzx,risg@ltds.com,+37067848631,"jcnruhz Street 20-773",2022-04-14,9:00
kysyx,vjln@impo.com,+37062776025,"gorqi Street 15-408",2022-04-03,11:00
rpmfvkid,utzztttre@rqj.com,+37062027725,"kbgvtbcu Street 20-785",2022-03-15,8:00
tvrmniwcr,ndioce@cindv.com,+37067318421,"tqtwdkhx Street 56-899",2022-04-06,20:00
bexujxqzzh,idzbthgq@aipk.com,+37065340653,"crge Street 20-577",2022-02-05,13:00
yckm,rimx@sweurn.com,+37068517881,"twbs Street 85-131",2022-04-24,0:00
vjvpb,lgryuj@fuccpj.com,+37068219529,"dfqmnbak Street 08-114",2022-01-23,12:00
vbryqpy,juziattrc@brw.com,+37065893008,"owxl Street 04-479",2022-05-01,0:00
jiqbdfqszy,rjjxbgaso@yibwmy.com,+37065114333,"lyqks Street 18-859",2022-04-07,19:00
yksgu,rlavcwaqsb@jkxqbh.com,+37064559742,"jmmxtwaag Street 71-267",2022-03-07,3:00
nqvpastm,mmbyc@lxlo.com,+37068413402,"qkqqt Street 48-868",2022-02-06,4:00
hkwgv,omfexlc@agz.com,+37062087636,"fjcmgeef Street 65-060",2022-02-06,15:00
qxxlrfips,mivyvlsyoj@heed.com,+37060935963,"cwpbden Street 51-560",2022-05-10,5:00
vihwl,adqfobypyg@ztvnq.com,+37062742713,"sylgwddbjb Street 55-652",2022-01-03,8:00
wsrhn,fdqxvq@uotwis.com,+37065855893,"qniald Street 25-757",2022-03-29,18:00
ykjavgxezl,ldls@zfmpz.com,+37061366566,"ethvdh Street 77-132",2022-01-19,4:00
msfx,jvpvd@utf.com,+37064772605,"tslzmpamt Street 85-274",2022-03-01,2:00
jcjra,yapq@jeeuc.com,+37065643544,"iwks Street 45-688",2022-03-03,8:00
exwlwnpq,wmsie@voala.com,+37068060154,"bafo Street 58-132",2022-03-13,2:00
myeha,njsslhiciz@cfexu.com,+37064358468,"kuwdwfh Street 79-994",2022-03-23,20:00
fbgy,fgsj@sateu.com,+37069778303,"kkqq Street 49-260",2022-01-31,13:00
hscvoabr,pmuaya@hriibh.com,+37063271821,"prqzladyf Street 55-997",2022-04-06,12:00
mijagkdbq,ovmqasxyk@nkgtxq.com,+37066871283,"gttz Street 76-319",2022-04-06,18:00
hbitut,jiyt@wtyoks.com,+37062073066,"niciy Street 90-476",2022-03-08,6:00
gluuvyrptz,phtzlsi@scwob.com,+37065345611,"ecqs Street 32-487",2022-04-04,3:00
lwdubc,rvbjixscfh@pri.com,+37069377300,"jxcx Street 06-063",2022-03-08,9:00
citazobgs,dtohmiawrp@uyn.com,+37061075810,"qkkjt Street 47-774",2022-04-04,6:00
kylgxnac,gqqswozjk@hdvc.com,+37062124716,"bqruqrcv Street 78-168",2022-04-13,2:00
fpfvnt,tipmt@erdzsw.com,+37060810630,"wcomvll Street 24-614",2022-01-12,4:00
uvsjacya,gmskzklg@meb.com,+37064337782,"btswadwykr Street 40-682",2022-05-06,14:00
ibcitimy,dixclcgzvd@aevtjk.com,+37066280743,"mqhwxtad Street 86-023",2022-04-10,20:00
opau,nffd@khmxcw.com,+37067125869,"prolvwu Street 67-818",2022-05-02,10:00
etdgliebsn,mvfookbg@ucjfvw.com,+37065166376,"gypwv Street 53-851",2022-03-19,17:00
shddiy,oluhnci@cfjd.com,+37067492536,"ujicjy Street 90-465",2022-02-15,0:00
rhjfmqb,xiusfcw@hjtok.com,+37060228313,"awtwrboeub Street 14-585",2022-01-08,12:00
rnhsghtxyn,cbxuyhko@gighoy.com,+37063264416,"ffvbvz Street 91-791",2022-02-26,14:00
hwhrpbn,ftsbjdqyum@crlxrv.com,+37065333142,"iumshc Street 13-735",2022-02-24,9:00
hhbtz,exgyyxofyj@nzwhjd.com,+37068833219,"jlhixrkktr Street 48-603",2022-02-11,15:00
nrbtpy,adzjkoazv@sfi.com,+37060578607,"fffxiecxhn Street 83-209",2022-03-07,19:00
yjxoxddh,urzgwajgiq@ubhx.com,+37064864161,"uxnzipu Street 79-480",2022-01-29,6:00
nngjvp,nbrkedfib@wzyi.com,+37065426507,"kjarxxpsny Street 20-867",2022-01-12,19:00
hnnw,ukkenf@stotw.com,+37060593701,"hxndzeafxe Street 95-021",2022-03-07,8:00
xvzpyfpy,ztdnyhkah@hygc.com,+37062524990,"krbtfdabm Street 17-315",2022-03-03,17:00
gjlzfcjeq,yvhdoen@agg.com,+37069537005,"suvnoisb Street 38-900",2022-02-02,9:00
vrkbyil,fhquphg@wwuvwq.com,+37065509815,"wavkwb Street 72-015",2022-03-22,14:00
warwi,bubzizts@ifmip.com,+37061156018,"qpdsi Street 95-989",2022-02-10,10:00
aocopl,izomxrgnkx@iojxb.com,+37068409926,"bilo Street 20-259",2022-01-22,19:00
cstgiwny,yvuuxpw@aikx.com,+37062844301,"wknfye Street 29-965",2022-02-24,5:00
plmr,bbktjieb@kbpr.com,+37064925061,"ecljce Street 24-748",2022-04-17,19:00
imcybcu,onnd@ydv.com,+37069891530,"zsdob Street 28-259",2022-01-14,16:00
rshiet,frnepxksng@peisz.com,+37064358666,"kevabkr Street 65-498",2022-05-10,15:00
kmblpmwj,ieuc@rssxp.com,+37062728742,"xmtcqhdky Street 84-818",2022-02-05,22:00
wsctyzhxq,piet@gmboea.com,+37061877402,"uovaiw Street 49-833",2022-02-03,21:00
kztbgazv,swjuegokc@rebox.com,+37063215090,"nbfjkk Street 90-314",2022-04-05,12:00
pshctlyf,xvtvbgcblo@uugpdc.com,+37066536210,"nukdrjfas Street 65-436",2022-01-06,5:00
xtgmsfoz,dkzktez@egwpdx.com,+37069112062,"jdyyyyixf Street 46-993",2022-01-22,4:00
udapyksx,qjsl@uusazz.com,+37062751254,"dshjz Street 03-605",2022-04-20,0:00
jieab,pvcyfd@ugv.com,+37062152030,"puzf Street 37-014",2022-05-05,17:00
rcawcjba,gexvgu@nrf.com,+37062885891,"njjntzws Street 72-115",2022-03-28,5:00
viomiw,meqadz@eiimdq.com,+37064729037,"qlgiwbcc Street 87-089",2022-05-06,22:00
ihggjqlfk,opyymcpibd@adms.com,+37066179078,"ticdwiei Street 01-476",2022-03-16,2:00
apjfc,xfurqnolr@zlmid.com,+37063487919,"miikirli Street 60-405",2022-02-10,14:00
ceaypif,vvnmulf@jbmj.com,+37064035742,"bnsljtbbog Street 25-672",2022-01-28,14:00
ndivjjt,wskhoosyuw@bvxtf.com,+37063394744,"iasysoq Street 02-794",2022-02-04,5:00
evdsbd,vrljfvbxe@xnpy.com,+37064764462,"bmfwy Street 57-157",2022-04-12,11:00
tpwd,keqmfgme@abotlp.com,+37060014574,"ahcjap Street 18-280",2022-04-06,11:00
hbntbhfcwb,hpfej@jmjm.com,+37069565325,"gwsfwzrrf Street 60-982",2022-05-05,16:00
suvhmhmj,tazpbctl@lgbvpz.com,+37064491923,"xtokocsnks Street 61-222",2022-04-22,19:00
vwibgog,vxtr@xxl.com,+37065591435,"euoqlxdqj Street 86-415",2022-02-24,17:00
tjmbq,dvtwemjax@fof.com,+37069705311,"ifngwcon Street 71-218",2022-04-12,5:00
mbofmi,eagmnsv@vxjqee.com,+37067798574,"fidjoxs Street 50-605",2022-01-19,9:00
heehddq,pppdm@znuye.com,+37065719796,"qomtxdr Street 48-669",2022-03-27,15:00
qketq,tcgnxhdxe@sotmwr.com,+37063530967,"afygflys Street 46-514",2022-01-08,9:00
oqld,tqezq@vnbe.com,+37060543005,"rwosmt Street 76-824",2022-04-24,16:00
duvkcyvgrj,anohjcbcto@hsmbx.com,+37068868871,"cticpyl Street 59-263",2022-03-08,11:00
xomgnfxvf,qtojygh@hyyv.com,+37064697845,"vqck Street 84-253",2022-04-16,22:00
qorlor,xzqnndly@udz.com,+37066304669,"vzpaezu Street 76-130",2022-02-08,6:00
cinoktjg,rqawt@owb.com,+37069576810,"zqbyudlfx Street 97-133",2022-05-04,2:00
qmocsz,dwzympnv@dvaun.com,+37065577868,"nscfaolysk Street 74-920",2022-04-28,11:00
zetpue,omqrq@rsutrs.com,+37063546053,"iotrzzflk Street 40-893",2022-01-29,6:00
rpwhxwc,ezcgfrphea@ohij.com,+37067350693,"ccabppfo Street 09-374",2022-05-09,22:00
aqvs,mwwjqb@iha.com,+37061892064,"teiv Street 46-736",2022-03-25,6:00
sclcio,lzvvvzlfo@wfka.com,+37065214426,"wjtedqlp Street 86-666",2022-01-04,4:00
zrenkzr,szokvogxkj@zrtln.com,+37066047001,"zyosvarnb Street 46-320",2022-04-18,19:00
bckp,plseqp@xgkjkx.com,+37069574903,"qdvdel Street 88-072",2022-05-02,1:00
nmgdespb,koxsaxes@zco.com,+37068848665,"wyvpifdoe Street 47-449",2022-04-26,7:00
qaxuuvpowz,zezu@pzkdsz.com,+37065590840,"kygsiosp Street 77-712",2022-03-28,19:00
dssca,vefqwaznkd@pec.com,+37066144137,"rcntbqs Street 88-747",2022-04-29,20:00
clhuqwl,ahbfszpc@ychp.com,+37060268137,"kiklxjnp Street 56-937",2022-04-13,20:00
aopycrjg,ryaygrlp@tpgh.com,+37066121069,"vwljicvlbm Street 77-647",2022-05-13,15:00
gqrea,ssbixuqn@wqy.com,+37064230489,"eecumqv Street 03-202",2022-02-10,5:00
ysbubnhtew,emzot@ilkfd.com,+37069323634,"ecvf Street 78-852",2022-03-30,20:00
apsegcp,ihlnak@dma.com,+37064208113,"dvtahmujji Street 68-269",2022-03-02,7:00
hsjnhbscu,ofxabl@hzhchj.com,+37066128389,"tiusitqy Street 35-014",2022-02-20,6:00
mgqbkjjxsy,lrhnl@weac.com,+37067893819,"arzespij Street 82-533",2022-01-15,12:00
wanffxig,oeia@zwhg.com,+37068377808,"psoeb Street 40-826",2022-01-18,10:00
eioskz,kabxvrtvoc@ulnjg.com,+37064521859,"brqkko Street 06-997",2022-04-17,8:00
mmykeqgrff,fjwz@luf.com,+37061235700,"wwsnrbqhi Street 23-534",2022-05-09,4:00
ovatfq,skauhtbzpt@jbrvro.com,+37062428599,"fuvqg Street 36-347",2022-02-15,19:00
oeehy,wmgxlmpoe@pqnpji.com,+37062266868,"qjqr Street 94-522",2022-01-02,7:00
pwadpwi,apeqmt@xllsuy.com,+37068261399,"ldmj Street 46-013",2022-04-02,15:00
jshea,zrapcr@xocex.com,+37066942319,"tvzttkox Street 10-251",2022-04-13,17:00
scbmmyekt,cmaek@rybkb.com,+37060498887,"cnbqlcp Street 05-589",2022-05-04,7:00
kfizi,jsexraq@fhtu.com,+37060358936,"rxayr Street 66-387",2022-03-04,21:00
qsibuy,funfzmn@rtf.com,+37063942390,"uovsrj Street 14-894",2022-03-27,12:00
ivzwno,iyxghgbw@fabu.com,+37060336331,"hjcfocmhtc Street 95-882",2022-04-15,14:00
htxtus,raxcehzi@ykojd.com,+37061713298,"aaptczkoq Street 55-037",2022-02-24,7:00
sawysvtj,oujct@qor.com,+37064020790,"ukilpijmn Street 21-999",2022-03-29,15:00
zqophshkf,axcwvsb@hxoto.com,+37060037116,"ptwtmfae Street 38-664",2022-02-23,6:00
xmkgk,gpvcq@txww.com,+37063324077,"scnlcilik Street 67-281",2022-02-22,15:00
gyatrf,vzbzfqkuo@yelhk.com,+37061448634,"kqyx Street 00-140",2022-03-20,3:00
nuin,frzxmgs@cvcj.com,+37067308188,"zmxcejjq Street 37-427",2022-04-06,5:00
afgke,hdzlnmo@vessnc.com,+37068446526,"iuxp Street 94-742",2022-03-02,17:00
jcqbpnbge,ufylgshlxi@kncndq.com,+37065133984,"yxahyxxum Street 97-330",2022-02-16,14:00
zeugkdiuo,ddpo@aty.com,+37069726833,"fdiboyek Street 43-425",2022-01-06,5:00
dbgybhldpq,iiyxqzlyvv@nqqyb.com,+37065655797,"jvspbvs Street 07-455",2022-05-06,17:00
cmfbd,gpktoq@qtu.com,+37063173826,"iwus Street 91-082",2022-03-02,9:00
azlxc,lmjhoqsdri@qqdjp.com,+37065647918,"aplxcu Street 87-042",2022-04-19,9:00
laitgl,xbxa@lkca.com,+37061135885,"vorxe Street 51-515",2022-02-16,13:00
cjfovypn,dbirrrptch@emzhvc.com,+37065231588,"yexombog Street 79-860",2022-02-16,1:00
rwqoazyh,qqrjvk@cqs.com,+37061916924,"jhtbjo Street 90-043",2022-03-05,8:00
nklmzah,uajzzlxfsz@fnkn.com,+37067183350,"falpvo Street 26-990",2022-01-05,5:00
smrwbs,usvuxgoxgy@vewen.com,+37068647980,"wclfqjjra Street 92-367",2022-02-26,4:00
jetvjfz,mlocyiwjn@dvmsfm.com,+37068706537,"gaoyfjpmw Street 49-446",2022-02-19,7:00
banpzgunko,yhtzmvmzep@jrumf.com,+37064488276,"nqyxwkxl Street 60-261",2022-03-07,16:00
tcwc,awjm@cnwk.com,+37068614675,"tffibn Street 53-770",2022-04-25,4:00
lcnmehbuw,xjvn@upjgtd.com,+37068678384,"cajhuilhos Street 44-786",2022-01-03,19:00
ykipee,esix@rcqhy.com,+37067567980,"cnixfsx Street 42-645",2022-03-07,9:00
uzcs,tlmhwx@vogtf.com,+37066673678,"pfrfpe Street 35-452",2022-01-28,2:00
skkh,esrvnoyb@jgkimd.com,+37063653291,"ncwy Street 77-338",2022-04-07,2:00
tluziruzg,bhrvb@tmdvo.com,+37066626952,"jgyquxgmu Street 47-561",2022-01-02,19:00
yorxlycg,snbxxhmhdn@qibs.com,+37063125863,"jtahao Street 25-006",2022-02-18,5:00
ntlanzav,jrxredni@fhsanj.com,+37067143532,"dprunvvvo Street 27-279",2022-05-11,19:00
kiyzwoycr,cffwp@xmji.com,+37066426119,"esjwh Street 55-753",2022-03-12,3:00
zrwojz,dmtqmt@ucxkxd.com,+37063225407,"vemb Street 93-507",2022-02-26,8:00
jfobjkbspd,ezcxud@gztky.com,+37066451803,"ykawidof Street 83-350",2022-03-06,3:00
dxojccics,pobcyapcrg@cwm.com,+37065575269,"stpecbpnyb Street 63-076",2022-05-03,17:00
vjyl,puirupx@stwhpb.com,+37062600522,"veqfz Street 47-845",2022-03-06,10:00
ncwveu,mnbnxkhr@yyu.com,+37069899779,"hsozozff Street 39-131",2022-03-01,6:00
dpgsam,ghhnah@dgca.com,+37067919438,"nleazpkvy Street 72-305",2022-01-26,6:00
tgnztutcf,dkcyiwu@gtfw.com,+37061777444,"qbdfpu Street 77-415",2022-04-14,14:00
biofed,rkfxn@iis.com,+37064379030,"wsqo Street 57-176",2022-02-12,20:00
uwceqid,tqkvst@tzkfa.com,+37060849780,"xktau Street 58-184",2022-04-17,18:00
qmvjtwcizu,lfmwtdd@riw.com,+37066197141,"rgrqppqy Street 14-901",2022-02-24,10:00
zjxfy,yfeqz@hiaatn.com,+37060936215,"ebfyxfgka Street 82-330",2022-04-10,4:00
xsvhtoqmpb,dmgak@wqwte.com,+37063840362,"dogvmb Street 14-355",2022-03-29,21:00
htirzb,bbyzqdvkq@ykfyy.com,+37069786434,"rxjmsl Street 97-033",2022-03-03,17:00
jytwapolm,vtoejxxmqd@xjzvh.com,+37068612190,"fldagivic Street 95-079",2022-01-25,4:00
kgndfmtx,uuoyg@abd.com,+37062866558,"blac Street 54-831",2022-01-20,0:00
ludgi,flxrdsakii@jpas.com,+37068133717,"uvenqhjiqs Street 45-794",2022-05-12,1:00
yjuk,mrpzmhomvm@hwr.com,+37062976283,"wtzuyhitul Street 13-531",2022-03-27,18:00
grnqx,rzbaqtcw@kfof.com,+37068635843,"bgnc Street 43-007",2022-04-24,7:00
xbumcrzh,hkqanjhk@fzev.com,+37061397833,"mwxn Street 34-615",2022-05-06,16:00
rkdux,jnvxnxn@ycxlp.com,+37060668649,"cdcybmppyi Street 77-211",2022-03-08,13:00
htlbcygw,nwqcmd@ayc.com,+37061918882,"bysnux Street 00-810",2022-03-24,1:00
vbglzin,rqyqhazxbe@ikk.com,+37064057437,"pqyiodznbx Street 24-554",2022-01-25,1:00
fwenf,xqsomzgx@tsedf.com,+37066476779,"bxuwe Street 23-598",2022-05-02,19:00
iinwqwc,rlcjf@kwduhv.com,+37064674701,"wesodcby Street 25-564",2022-01-13,3:00
qagfoe,fkqnn@kkqgm.com,+37067990982,"zwnix Street 60-030",2022-04-16,3:00
vyic,uzvsbj@zcz.com,+37066510308,"aeim Street 71-396",2022-02-25,15:00
cigey,jejpztj@abmgqf.com,+37061541273,"whnupwjrl Street 85-630",2022-03-03,11:00
btlcvvgk,xgrizmn@yjvenv.com,+37069848817,"fkmwwirakx Street 87-676",2022-02-23,6:00
qnuqnrtyw,fidi@fagx.com,+37064389066,"vnngwypnk Street 65-254",2022-05-06,4:00
qcmx,smcxetzgr@zucus.com,+37060677437,"gkvaeldxxs Street 53-758",2022-02-24,12:00
jqwy,gcmignghrm@mly.com,+37060797603,"qnajfkibfr Street 37-702",2022-01-15,22:00
riyrf,ldtprqk@kpxzzi.com,+37064355121,"xfqo Street 81-004",2022-01-17,21:00
klpxzkjms,dounmvpvj@pyzxkh.com,+37061252070,"pkiaq Street 08-000",2022-03-09,3:00
hddwhkjfo,lnmxmwphx@hcjzzz.com,+37063509325,"dzijlz Street 94-583",2022-04-11,9:00
lywmpwcqsj,veiniyjf@tghkh.com,+37067004424,"jtfsz Street 48-011",2022-05-10,12:00
cjfefspnb,yaltcyo@mnsi.com,+37069370428,"ltrvc Street 61-393",2022-05-06,11:00
euehsn,xdkdptv@pfsl.com,+37060822229,"ftvbwae Street 60-823",2022-01-10,0:00
lplxitjug,zdnntvh@sna.com,+37063306360,"nlyx Street 02-287",2022-04-28,19:00
czfwpi,yawswaozls@qeryk.com,+37066247170,"kgnifr Street 41-979",2022-02-11,7:00
hxhjnnzr,vxikxj@ulc.com,+37069704839,"oketpz Street 19-519",2022-04-11,21:00
ecowgrzbqu,gjdrgmt@otki.com,+37060298412,"flxonagwqi Street 26-355",2022-03-02,7:00
tumdsciom,srwrxznrvy@isvgy.com,+37064305201,"qagqrkziyx Street 45-690",2022-01-09,0:00
wozpdtmh,txmmtff@kjuxmy.com,+37068104261,"wkwaxsjo Street 04-634",2022-01-09,4:00
cegegr,ttcxdpz@ebanpc.com,+37069577843,"wrgfbvttle Street 27-606",2022-04-10,12:00
vopftadq,gocuwusuxl@wngk.com,+37068168251,"krodhhuu Street 98-327",2022-01-19,21:00
wuhru,jpfxc@fjjf.com,+37062411843,"fwznxf Street 94-463",2022-04-20,5:00
rvcts,imweihm@lbxwa.com,+37069834877,"usomex Street 84-735",2022-03-18,19:00
eiwssfy,pcjkunmto@pbb.com,+37069066775,"tieuafwhv Street 42-104",2022-03-23,9:00
bixk,tcrdmpvfo@vxxdzt.com,+37062047709,"lsvapgudn Street 41-591",2022-04-03,12:00
dxgsc,ndfc@yke.com,+37064291509,"dfvuwxo Street 94-485",2022-04-12,4:00
jblut,aadtopbji@xonha.com,+37063677038,"eddvjf Street 91-708",2022-03-06,10:00
cwghlg,lzrjsriwc@rog.com,+37066689563,"ddnzbcmyl Street 88-431",2022-03-17,13:00
pkbrencukd,nslmlvtoa@zwbpv.com,+37068450100,"lpvc Street 38-022",2022-01-23,18:00
iwfyor,jmxmrer@oga.com,+37062885225,"dfursyooe Street 64-032",2022-02-03,8:00
vfyciwx,nzssosp@uuehvx.com,+37060749796,"pkjrda Street 41-613",2022-03-28,15:00
dullhu,tvma@vaptw.com,+37061393270,"ithz Street 73-670",2022-04-01,6:00
uvewm,bskqzz@pzcndv.com,+37069783484,"liebgn Street 07-464",2022-03-06,10:00
rzrm,wvdevudp@yca.com,+37068500640,"yutvhlbayl Street 68-583",2022-02-03,2:00
nnpzptwl,rafunpsge@jnfewp.com,+37064776441,"tyrjzx Street 80-317",2022-03-31,5:00
ijqclovbm,vurlf@tlyl.com,+37066621767,"jpjma Street 78-074",2022-04-13,9:00
yteickhhx,gejpdsa@srtwdr.com,+37061763039,"gpifxbqesu Street 45-108",2022-01-19,7:00
eiqgabvnv,isssejogo@vskio.com,+37064429833,"vxrbvxus Street 84-065",2022-05-06,9:00
sahg,vnqaabk@biqq.com,+37068179472,"ehyrrmfljx Street 22-175",2022-01-14,5:00
qhuvi,zjlvcd@ied.com,+37063377954,"fzftpkrdmu Street 46-280",2022-03-06,1:00
agyktwpjg,zemodc@zfegu.com,+37061990282,"hhjawti Street 36-937",2022-02-14,7:00
njuqaqqll,jkys@qrif.com,+37069658376,"kijblrehmd Street 63-133",2022-03-16,5:00
pveimvsjg,jgydx@qjzcf.com,+37067144641,"dnmcjml Street 06-155",2022-01-29,18:00
wajkt,iqhevwgnav@lqdwiu.com,+37061742060,"ftcocin Street 03-462",2022-02-21,20:00
pzscjlmc,ibioy@rjo.com,+37068545766,"wwermagk Street 99-408",2022-04-10,15:00
jzhue,qdhsg@gwapdp.com,+37061477493,"dvaor Street 96-345",2022-03-01,15:00
yktg,lifsesrdr@zneu.com,+37063149586,"dxhkwgke Street 84-689",2022-03-14,12:00
bmtk,hddh@yyv.com,+37068784007,"apzo Street 83-786",2022-03-08,13:00
chseqdzx,cigwjvmsm@oroib.com,+37064028047,"fobtcj Street 36-742",2022-01-24,3:00
clwydrvhni,zuvlpup@ftuob.com,+37069420885,"bjfhfikvju Street 95-454",2022-03-17,0:00
lbzz,tfmwekj@hvz.com,+37062053703,"iegddm Street 29-994",2022-04-04,4:00
hbddp,irtuep@ghpwlz.com,+37068422571,"swonhyjpp Street 58-822",2022-03-10,22:00
uocqtftlea,enhe@bqtfk.com,+37067883443,"dbgef Street 00-942",2022-03-24,0:00
jmlnyaf,wklzmfs@vwzw.com,+37066160011,"smkxdep Street 76-508",2022-04-28,22:00
yguazxr,zjhzftxh@eepysl.com,+37067913001,"mekskdx Street 12-580",2022-02-06,4:00
yiunq,jbbxny@xbjb.com,+37068570353,"mmmjaky Street 86-668",2022-01-13,10:00
eavfevg,lxtyunrixh@cro.com,+37066900889,"ztgjovfos Street 45-128",2022-04-25,14:00
annn,mlslt@hndivd.com,+37063881189,"bdxjd Street 75-246",2022-02-19,21:00